"상품군별(1)","시점",인터넷쇼핑,모바일쇼핑
"컴퓨터 및 주변기기","2017.01",288391,133993
"컴퓨터 및 주변기기","2017.02",329143,146200
"컴퓨터 및 주변기기","2017.03",322089,151262
"컴퓨터 및 주변기기","2017.04",251604,116675
"컴퓨터 및 주변기기","2017.05",241871,109053
"컴퓨터 및 주변기기","2017.06",262908,113811
"컴퓨터 및 주변기기","2017.07",252949,128025
"컴퓨터 및 주변기기","2017.08",280831,135562
"컴퓨터 및 주변기기","2017.09",270647,128865
"컴퓨터 및 주변기기","2017.10",235350,118174
"컴퓨터 및 주변기기","2017.11",302907,157832
"컴퓨터 및 주변기기","2017.12",320177,155301
"컴퓨터 및 주변기기","2018.01",324233,187441
"컴퓨터 및 주변기기","2018.02",275786,177621
"컴퓨터 및 주변기기","2018.03",310948,193113
"컴퓨터 및 주변기기","2018.04",243815,165240
"컴퓨터 및 주변기기","2018.05",237559,166676
"컴퓨터 및 주변기기","2018.06",220404,151440
"컴퓨터 및 주변기기","2018.07",239475,164775
"컴퓨터 및 주변기기","2018.08",249200,169705
"컴퓨터 및 주변기기","2018.09",226280,155899
"컴퓨터 및 주변기기","2018.10",254118,165626
"컴퓨터 및 주변기기","2018.11",275284,192882
"컴퓨터 및 주변기기","2018.12",294467,206895
"컴퓨터 및 주변기기","2019.01",329496,232016
"컴퓨터 및 주변기기","2019.02",305306,237163
"컴퓨터 및 주변기기","2019.03",313340,219156
"컴퓨터 및 주변기기","2019.04",279362,189807
"컴퓨터 및 주변기기","2019.05",263783,176325
"컴퓨터 및 주변기기","2019.06",240539,148657
"컴퓨터 및 주변기기","2019.07",271299,171823
"컴퓨터 및 주변기기","2019.08",269744,178221
"컴퓨터 및 주변기기","2019.09",261053,174623
"컴퓨터 및 주변기기","2019.10",274936,170182
"컴퓨터 및 주변기기","2019.11",306368,221639
"컴퓨터 및 주변기기","2019.12",339917,214960
"컴퓨터 및 주변기기","2020.01",332810,273459
"컴퓨터 및 주변기기","2020.02",358997,315829
"컴퓨터 및 주변기기","2020.03",401374,357883
"컴퓨터 및 주변기기","2020.04",388215,331746
"컴퓨터 및 주변기기","2020.05",323924,290304
"컴퓨터 및 주변기기","2020.06",328080,256409
"컴퓨터 및 주변기기","2020.07",342726,284750
"컴퓨터 및 주변기기","2020.08",340705,314597
"컴퓨터 및 주변기기","2020.09",379361,332423
"컴퓨터 및 주변기기","2020.10",339603,276244
"컴퓨터 및 주변기기","2020.11",394626,341688
"컴퓨터 및 주변기기","2020.12",499998,415380
"컴퓨터 및 주변기기","2021.01",439730,446647
"컴퓨터 및 주변기기","2021.02",413960,435721
"컴퓨터 및 주변기기","2021.03",448924,422166
"컴퓨터 및 주변기기","2021.04",385886,346865
"컴퓨터 및 주변기기","2021.05",358402,370299
"컴퓨터 및 주변기기","2021.06",358087,305492
"컴퓨터 및 주변기기","2021.07",398976,352086
"컴퓨터 및 주변기기","2021.08",405435,368794
"컴퓨터 및 주변기기","2021.09",361370,374921
"컴퓨터 및 주변기기","2021.10",389970,339560
"컴퓨터 및 주변기기","2021.11",440303,392196
"컴퓨터 및 주변기기","2021.12",504938,456349
"컴퓨터 및 주변기기","2022.01",426178,430931
"컴퓨터 및 주변기기","2022.02",442616,501035
"컴퓨터 및 주변기기","2022.03",436962,458719
"컴퓨터 및 주변기기","2022.04",361297,355706
"컴퓨터 및 주변기기","2022.05",360368,373986
"컴퓨터 및 주변기기","2022.06",329328,308813
"컴퓨터 및 주변기기","2022.07",353768,345344
"컴퓨터 및 주변기기","2022.08",357832,368174
"컴퓨터 및 주변기기","2022.09",337087,347713
"컴퓨터 및 주변기기","2022.10",344168,327593
"컴퓨터 및 주변기기","2022.11",397312,403671
"컴퓨터 및 주변기기","2022.12",412450,350329
"컴퓨터 및 주변기기","2023.01",375940,410682
"컴퓨터 및 주변기기","2023.02",423513,465802
"컴퓨터 및 주변기기","2023.03",437404,428129
"컴퓨터 및 주변기기","2023.04",347754,330998
"컴퓨터 및 주변기기","2023.05",341733,370133
"컴퓨터 및 주변기기","2023.06",328413,313273
"컴퓨터 및 주변기기","2023.07",338837,337786
"컴퓨터 및 주변기기","2023.08",336170,341010
"컴퓨터 및 주변기기","2023.09",318355,327212
"컴퓨터 및 주변기기","2023.10",326080,311758
"컴퓨터 및 주변기기","2023.11",373633,384270
"컴퓨터 및 주변기기","2023.12",378497,361998
"컴퓨터 및 주변기기","2024.01",439597,449009
"컴퓨터 및 주변기기","2024.02",402304,440779
"컴퓨터 및 주변기기","2024.03",399974,432423
"컴퓨터 및 주변기기","2024.04",344117,346251
"컴퓨터 및 주변기기","2024.05",332596,361813
"컴퓨터 및 주변기기","2024.06",359011,314339
"컴퓨터 및 주변기기","2024.07",315227,312830
"컴퓨터 및 주변기기","2024.08",267523,320119
"컴퓨터 및 주변기기","2024.09",259703,316276
"컴퓨터 및 주변기기","2024.10",269950,299854
"컴퓨터 및 주변기기","2024.11 p)",324308,404879
"컴퓨터 및 주변기기","2024.12 p)",339852,349240
"가전·전자·통신기기","2017.01",307496,294626
"가전·전자·통신기기","2017.02",328088,298786
"가전·전자·통신기기","2017.03",349185,318541
"가전·전자·통신기기","2017.04",366894,349814
"가전·전자·통신기기","2017.05",417717,443900
"가전·전자·통신기기","2017.06",366554,385920
"가전·전자·통신기기","2017.07",432760,494107
"가전·전자·통신기기","2017.08",359011,399471
"가전·전자·통신기기","2017.09",343507,363151
"가전·전자·통신기기","2017.10",333413,394994
"가전·전자·통신기기","2017.11",462529,485981
"가전·전자·통신기기","2017.12",387969,427298
"가전·전자·통신기기","2018.01",398999,459257
"가전·전자·통신기기","2018.02",351716,418685
"가전·전자·통신기기","2018.03",435766,510861
"가전·전자·통신기기","2018.04",420663,524596
"가전·전자·통신기기","2018.05",447810,578323
"가전·전자·통신기기","2018.06",424143,539531
"가전·전자·통신기기","2018.07",511557,676637
"가전·전자·통신기기","2018.08",424778,535814
"가전·전자·통신기기","2018.09",340868,451538
"가전·전자·통신기기","2018.10",429553,559968
"가전·전자·통신기기","2018.11",517411,664944
"가전·전자·통신기기","2018.12",470859,573086
"가전·전자·통신기기","2019.01",451529,611551
"가전·전자·통신기기","2019.02",403124,578935
"가전·전자·통신기기","2019.03",568865,756020
"가전·전자·통신기기","2019.04",523731,610496
"가전·전자·통신기기","2019.05",577082,719082
"가전·전자·통신기기","2019.06",488946,688858
"가전·전자·통신기기","2019.07",522133,708286
"가전·전자·통신기기","2019.08",511230,687235
"가전·전자·통신기기","2019.09",462355,634009
"가전·전자·통신기기","2019.10",525905,674287
"가전·전자·통신기기","2019.11",568012,789341
"가전·전자·통신기기","2019.12",518944,694448
"가전·전자·통신기기","2020.01",400922,662108
"가전·전자·통신기기","2020.02",494994,755756
"가전·전자·통신기기","2020.03",518520,780014
"가전·전자·통신기기","2020.04",507840,738910
"가전·전자·통신기기","2020.05",588332,927906
"가전·전자·통신기기","2020.06",553380,905941
"가전·전자·통신기기","2020.07",502863,816872
"가전·전자·통신기기","2020.08",548239,987774
"가전·전자·통신기기","2020.09",462687,849047
"가전·전자·통신기기","2020.10",547418,987672
"가전·전자·통신기기","2020.11",663471,1161320
"가전·전자·통신기기","2020.12",611410,1105244
"가전·전자·통신기기","2021.01",610054,1137541
"가전·전자·통신기기","2021.02",512864,981223
"가전·전자·통신기기","2021.03",612790,1052288
"가전·전자·통신기기","2021.04",546939,976497
"가전·전자·통신기기","2021.05",575594,1118449
"가전·전자·통신기기","2021.06",563485,1072052
"가전·전자·통신기기","2021.07",658089,1256457
"가전·전자·통신기기","2021.08",576436,1088677
"가전·전자·통신기기","2021.09",514785,1056165
"가전·전자·통신기기","2021.10",661197,1363174
"가전·전자·통신기기","2021.11",645257,1354614
"가전·전자·통신기기","2021.12",637081,1122314
"가전·전자·통신기기","2022.01",539706,1107412
"가전·전자·통신기기","2022.02",599163,1202958
"가전·전자·통신기기","2022.03",603523,1058191
"가전·전자·통신기기","2022.04",556310,998166
"가전·전자·통신기기","2022.05",579325,1137206
"가전·전자·통신기기","2022.06",548771,1135013
"가전·전자·통신기기","2022.07",567002,1207117
"가전·전자·통신기기","2022.08",587503,1203957
"가전·전자·통신기기","2022.09",459133,1160551
"가전·전자·통신기기","2022.10",653866,1420255
"가전·전자·통신기기","2022.11",587368,1275010
"가전·전자·통신기기","2022.12",572088,1175938
"가전·전자·통신기기","2023.01",506317,1166020
"가전·전자·통신기기","2023.02",551798,1207891
"가전·전자·통신기기","2023.03",501534,1083240
"가전·전자·통신기기","2023.04",478667,1029660
"가전·전자·통신기기","2023.05",551758,1250125
"가전·전자·통신기기","2023.06",529632,1186718
"가전·전자·통신기기","2023.07",542166,1264336
"가전·전자·통신기기","2023.08",574268,1277518
"가전·전자·통신기기","2023.09",451222,1047231
"가전·전자·통신기기","2023.10",658521,1526898
"가전·전자·통신기기","2023.11",617863,1507507
"가전·전자·통신기기","2023.12",497098,1270534
"가전·전자·통신기기","2024.01",560217,1370322
"가전·전자·통신기기","2024.02",467828,1240926
"가전·전자·통신기기","2024.03",454982,1185981
"가전·전자·통신기기","2024.04",496135,1174102
"가전·전자·통신기기","2024.05",529923,1259795
"가전·전자·통신기기","2024.06",514422,1302222
"가전·전자·통신기기","2024.07",535828,1429925
"가전·전자·통신기기","2024.08",410769,1241866
"가전·전자·통신기기","2024.09",470987,1393574
"가전·전자·통신기기","2024.10",476074,1309005
"가전·전자·통신기기","2024.11 p)",496951,1400869
"가전·전자·통신기기","2024.12 p)",420100,1259257
"서적","2017.01",103851,47379
"서적","2017.02",106649,47680
"서적","2017.03",126052,59519
"서적","2017.04",82291,40127
"서적","2017.05",78606,35774
"서적","2017.06",78615,37657
"서적","2017.07",95733,47351
"서적","2017.08",100090,49898
"서적","2017.09",88774,47891
"서적","2017.10",72439,41293
"서적","2017.11",87946,44577
"서적","2017.12",103589,58092
"서적","2018.01",107123,64132
"서적","2018.02",93094,54689
"서적","2018.03",121120,70476
"서적","2018.04",91304,52865
"서적","2018.05",81391,47734
"서적","2018.06",72096,45257
"서적","2018.07",90323,57737
"서적","2018.08",91948,57276
"서적","2018.09",77468,50715
"서적","2018.10",80587,51156
"서적","2018.11",86299,56107
"서적","2018.12",102843,65657
"서적","2019.01",100029,73920
"서적","2019.02",90350,63967
"서적","2019.03",114766,81975
"서적","2019.04",86671,61239
"서적","2019.05",78172,55150
"서적","2019.06",70403,52055
"서적","2019.07",89520,66886
"서적","2019.08",88775,65476
"서적","2019.09",82034,65084
"서적","2019.10",75696,58084
"서적","2019.11",84329,63125
"서적","2019.12",99281,79550
"서적","2020.01",86899,80101
"서적","2020.02",99913,86838
"서적","2020.03",140036,120418
"서적","2020.04",107916,96549
"서적","2020.05",94421,76383
"서적","2020.06",94184,76807
"서적","2020.07",106713,86125
"서적","2020.08",111455,95394
"서적","2020.09",118997,103969
"서적","2020.10",93412,79229
"서적","2020.11",102210,84424
"서적","2020.12",137150,119235
"서적","2021.01",133659,125811
"서적","2021.02",119527,100736
"서적","2021.03",144243,125426
"서적","2021.04",101344,90343
"서적","2021.05",100641,87594
"서적","2021.06",93793,87146
"서적","2021.07",111844,110827
"서적","2021.08",114727,103920
"서적","2021.09",103560,103509
"서적","2021.10",95322,88181
"서적","2021.11",115785,91145
"서적","2021.12",133369,125025
"서적","2022.01",114031,127859
"서적","2022.02",114110,114715
"서적","2022.03",145116,143502
"서적","2022.04",107657,102511
"서적","2022.05",108211,91712
"서적","2022.06",91335,86468
"서적","2022.07",109244,102619
"서적","2022.08",113427,105752
"서적","2022.09",101357,100821
"서적","2022.10",88226,83653
"서적","2022.11",106473,92335
"서적","2022.12",110666,108598
"서적","2023.01",98625,116468
"서적","2023.02",110799,105771
"서적","2023.03",127559,131571
"서적","2023.04",90479,93277
"서적","2023.05",100972,89264
"서적","2023.06",84524,85082
"서적","2023.07",100858,107898
"서적","2023.08",100782,105234
"서적","2023.09",90717,96053
"서적","2023.10",80578,85572
"서적","2023.11",97660,96860
"서적","2023.12",105457,126297
"서적","2024.01",100593,132183
"서적","2024.02",97750,112127
"서적","2024.03",123993,144454
"서적","2024.04",89172,101982
"서적","2024.05",99780,97466
"서적","2024.06",80615,92859
"서적","2024.07",108258,117984
"서적","2024.08",97146,114151
"서적","2024.09",92226,111433
"서적","2024.10",88035,117294
"서적","2024.11 p)",101547,102962
"서적","2024.12 p)",104219,131593
"사무·문구","2017.01",37233,15959
"사무·문구","2017.02",41550,18854
"사무·문구","2017.03",45751,24255
"사무·문구","2017.04",41721,20233
"사무·문구","2017.05",39428,17810
"사무·문구","2017.06",37788,18181
"사무·문구","2017.07",35743,18084
"사무·문구","2017.08",38125,19625
"사무·문구","2017.09",39683,20792
"사무·문구","2017.10",37422,18898
"사무·문구","2017.11",44129,23812
"사무·문구","2017.12",50562,27303
"사무·문구","2018.01",46397,26473
"사무·문구","2018.02",46450,25271
"사무·문구","2018.03",51251,30649
"사무·문구","2018.04",41862,26145
"사무·문구","2018.05",39157,24464
"사무·문구","2018.06",36238,23319
"사무·문구","2018.07",37606,24920
"사무·문구","2018.08",37810,24461
"사무·문구","2018.09",33529,24862
"사무·문구","2018.10",41333,29782
"사무·문구","2018.11",43264,33099
"사무·문구","2018.12",50853,38890
"사무·문구","2019.01",42332,37433
"사무·문구","2019.02",37243,33966
"사무·문구","2019.03",43678,38063
"사무·문구","2019.04",44447,36190
"사무·문구","2019.05",38273,33876
"사무·문구","2019.06",32913,30694
"사무·문구","2019.07",36270,33219
"사무·문구","2019.08",36165,32838
"사무·문구","2019.09",35372,34068
"사무·문구","2019.10",38660,39956
"사무·문구","2019.11",42881,42511
"사무·문구","2019.12",49822,53476
"사무·문구","2020.01",43541,51694
"사무·문구","2020.02",47168,60230
"사무·문구","2020.03",47164,63087
"사무·문구","2020.04",44459,56577
"사무·문구","2020.05",44689,55196
"사무·문구","2020.06",46931,52884
"사무·문구","2020.07",46632,55914
"사무·문구","2020.08",42054,54050
"사무·문구","2020.09",48104,60473
"사무·문구","2020.10",51390,64019
"사무·문구","2020.11",57251,71347
"사무·문구","2020.12",71186,101731
"사무·문구","2021.01",52933,78502
"사무·문구","2021.02",48524,71327
"사무·문구","2021.03",59592,79747
"사무·문구","2021.04",56309,73990
"사무·문구","2021.05",49104,67085
"사무·문구","2021.06",49442,64297
"사무·문구","2021.07",46240,63807
"사무·문구","2021.08",47181,66240
"사무·문구","2021.09",48154,69751
"사무·문구","2021.10",56823,80771
"사무·문구","2021.11",64673,85887
"사무·문구","2021.12",78030,115831
"사무·문구","2022.01",53015,87726
"사무·문구","2022.02",49244,89158
"사무·문구","2022.03",55828,94881
"사무·문구","2022.04",56128,89084
"사무·문구","2022.05",47206,83605
"사무·문구","2022.06",49445,79893
"사무·문구","2022.07",48821,80577
"사무·문구","2022.08",51526,86417
"사무·문구","2022.09",52405,86677
"사무·문구","2022.10",60869,93471
"사무·문구","2022.11",70509,104942
"사무·문구","2022.12",81703,128385
"사무·문구","2023.01",54825,96972
"사무·문구","2023.02",58557,102917
"사무·문구","2023.03",69135,109050
"사무·문구","2023.04",60639,97223
"사무·문구","2023.05",54827,91509
"사무·문구","2023.06",54842,84150
"사무·문구","2023.07",54609,81848
"사무·문구","2023.08",57365,86225
"사무·문구","2023.09",55517,85382
"사무·문구","2023.10",62624,94806
"사무·문구","2023.11",75790,115371
"사무·문구","2023.12",80738,132219
"사무·문구","2024.01",64381,110076
"사무·문구","2024.02",57331,103836
"사무·문구","2024.03",67162,118031
"사무·문구","2024.04",61387,105658
"사무·문구","2024.05",55026,100168
"사무·문구","2024.06",50568,87618
"사무·문구","2024.07",55892,93578
"사무·문구","2024.08",54905,94039
"사무·문구","2024.09",51309,94932
"사무·문구","2024.10",62343,107963
"사무·문구","2024.11 p)",68989,119829
"사무·문구","2024.12 p)",78544,139902
"의복","2017.01",397422,467093
"의복","2017.02",382105,445567
"의복","2017.03",478990,563752
"의복","2017.04",441022,531625
"의복","2017.05",439084,539150
"의복","2017.06",394173,515569
"의복","2017.07",392273,495098
"의복","2017.08",338973,419251
"의복","2017.09",434408,525271
"의복","2017.10",439236,595469
"의복","2017.11",586462,857482
"의복","2017.12",458290,737601
"의복","2018.01",392385,571852
"의복","2018.02",336102,489051
"의복","2018.03",482845,680287
"의복","2018.04",447945,630323
"의복","2018.05",453370,648036
"의복","2018.06",410733,607131
"의복","2018.07",394750,597582
"의복","2018.08",326889,501473
"의복","2018.09",399362,604591
"의복","2018.10",493284,857624
"의복","2018.11",554222,927971
"의복","2018.12",509666,880877
"의복","2019.01",453476,653845
"의복","2019.02",384783,574960
"의복","2019.03",467275,770960
"의복","2019.04",464610,739473
"의복","2019.05",500106,778175
"의복","2019.06",440260,693361
"의복","2019.07",457448,682223
"의복","2019.08",347920,564575
"의복","2019.09",431788,755340
"의복","2019.10",509999,903280
"의복","2019.11",592593,1117449
"의복","2019.12",520303,942040
"의복","2020.01",320897,734345
"의복","2020.02",301806,684362
"의복","2020.03",347668,813004
"의복","2020.04",365979,793399
"의복","2020.05",392840,896853
"의복","2020.06",396757,896447
"의복","2020.07",343047,757485
"의복","2020.08",286795,647673
"의복","2020.09",360967,820640
"의복","2020.10",479629,1152610
"의복","2020.11",552723,1219551
"의복","2020.12",466430,1066008
"의복","2021.01",304546,820338
"의복","2021.02",257536,774700
"의복","2021.03",381946,1112270
"의복","2021.04",389865,1048461
"의복","2021.05",356514,1048361
"의복","2021.06",364538,1052065
"의복","2021.07",334011,964134
"의복","2021.08",267773,809471
"의복","2021.09",332776,1032435
"의복","2021.10",448603,1381096
"의복","2021.11",499606,1497011
"의복","2021.12",468695,1427194
"의복","2022.01",306188,1087342
"의복","2022.02",275368,974648
"의복","2022.03",373144,1298140
"의복","2022.04",406268,1362360
"의복","2022.05",401602,1346900
"의복","2022.06",378385,1261014
"의복","2022.07",326926,1193144
"의복","2022.08",296679,1023518
"의복","2022.09",353887,1257574
"의복","2022.10",477303,1535465
"의복","2022.11",517977,1569815
"의복","2022.12",506958,1546355
"의복","2023.01",331433,1145700
"의복","2023.02",363179,1116883
"의복","2023.03",465667,1477419
"의복","2023.04",450123,1335649
"의복","2023.05",456637,1434480
"의복","2023.06",454820,1258930
"의복","2023.07",393115,1232187
"의복","2023.08",356631,1028897
"의복","2023.09",448876,1149527
"의복","2023.10",531674,1623765
"의복","2023.11",636149,1763483
"의복","2023.12",517533,1505334
"의복","2024.01",379770,1147457
"의복","2024.02",423847,1123200
"의복","2024.03",429107,1443690
"의복","2024.04",448064,1470830
"의복","2024.05",427226,1399003
"의복","2024.06",451747,1323126
"의복","2024.07",402414,1240302
"의복","2024.08",362155,999351
"의복","2024.09",411669,1116919
"의복","2024.10",524142,1556269
"의복","2024.11 p)",661029,1757806
"의복","2024.12 p)",527686,1620098
"신발","2017.01",42529,61269
"신발","2017.02",44976,73655
"신발","2017.03",55799,97495
"신발","2017.04",54249,97379
"신발","2017.05",55797,104765
"신발","2017.06",54666,101494
"신발","2017.07",48228,92518
"신발","2017.08",40961,77350
"신발","2017.09",49838,90408
"신발","2017.10",47801,92565
"신발","2017.11",61475,114073
"신발","2017.12",52613,102315
"신발","2018.01",45709,85859
"신발","2018.02",40727,83720
"신발","2018.03",56004,113113
"신발","2018.04",55859,113580
"신발","2018.05",57571,115010
"신발","2018.06",55260,108990
"신발","2018.07",51664,106288
"신발","2018.08",38886,87067
"신발","2018.09",46884,92588
"신발","2018.10",50340,113895
"신발","2018.11",57508,130879
"신발","2018.12",54381,124855
"신발","2019.01",57560,102086
"신발","2019.02",53174,103257
"신발","2019.03",75702,131109
"신발","2019.04",78125,126046
"신발","2019.05",84205,133233
"신발","2019.06",84744,126674
"신발","2019.07",77272,127793
"신발","2019.08",59872,102668
"신발","2019.09",78129,122879
"신발","2019.10",82966,129679
"신발","2019.11",97033,154452
"신발","2019.12",97311,134564
"신발","2020.01",54230,128160
"신발","2020.02",59053,130839
"신발","2020.03",70872,156447
"신발","2020.04",84107,151065
"신발","2020.05",83799,187358
"신발","2020.06",91971,186704
"신발","2020.07",82793,161577
"신발","2020.08",61406,137508
"신발","2020.09",71103,147008
"신발","2020.10",79053,181125
"신발","2020.11",109037,203835
"신발","2020.12",83488,187901
"신발","2021.01",64255,141920
"신발","2021.02",70186,154038
"신발","2021.03",97134,217147
"신발","2021.04",92165,192141
"신발","2021.05",106967,210579
"신발","2021.06",115114,207522
"신발","2021.07",88639,184402
"신발","2021.08",84567,151193
"신발","2021.09",75751,179030
"신발","2021.10",84947,216769
"신발","2021.11",109030,231196
"신발","2021.12",103716,238136
"신발","2022.01",85092,178252
"신발","2022.02",74423,179964
"신발","2022.03",98582,228639
"신발","2022.04",100280,239787
"신발","2022.05",124136,245066
"신발","2022.06",96552,241975
"신발","2022.07",83854,222553
"신발","2022.08",105474,190471
"신발","2022.09",85440,212074
"신발","2022.10",87001,241693
"신발","2022.11",122551,254545
"신발","2022.12",106666,267902
"신발","2023.01",96237,180647
"신발","2023.02",111566,193134
"신발","2023.03",118103,252523
"신발","2023.04",114715,227138
"신발","2023.05",115789,255996
"신발","2023.06",97422,237120
"신발","2023.07",106277,225236
"신발","2023.08",85173,184003
"신발","2023.09",80459,196863
"신발","2023.10",121081,241675
"신발","2023.11",109520,272467
"신발","2023.12",81751,251828
"신발","2024.01",71931,181386
"신발","2024.02",110624,191635
"신발","2024.03",93311,230190
"신발","2024.04",98939,235227
"신발","2024.05",112591,247047
"신발","2024.06",79279,234743
"신발","2024.07",82897,232687
"신발","2024.08",94094,179145
"신발","2024.09",76550,194905
"신발","2024.10",78708,230026
"신발","2024.11 p)",114736,276358
"신발","2024.12 p)",74162,268212
"가방","2017.01",43978,99665
"가방","2017.02",53127,110077
"가방","2017.03",54028,114633
"가방","2017.04",47250,112149
"가방","2017.05",45044,107327
"가방","2017.06",43903,105539
"가방","2017.07",44194,107525
"가방","2017.08",47640,115821
"가방","2017.09",48352,116864
"가방","2017.10",44345,112662
"가방","2017.11",49080,120428
"가방","2017.12",51051,129802
"가방","2018.01",51391,135151
"가방","2018.02",48277,129877
"가방","2018.03",50380,143810
"가방","2018.04",49197,136272
"가방","2018.05",48223,142386
"가방","2018.06",45187,131338
"가방","2018.07",50196,141822
"가방","2018.08",45336,135402
"가방","2018.09",41905,134965
"가방","2018.10",44515,140222
"가방","2018.11",43401,136635
"가방","2018.12",47722,153599
"가방","2019.01",50523,151766
"가방","2019.02",49676,162258
"가방","2019.03",53787,176296
"가방","2019.04",55233,163407
"가방","2019.05",55623,169509
"가방","2019.06",48750,161773
"가방","2019.07",54842,155097
"가방","2019.08",52064,170164
"가방","2019.09",54017,174824
"가방","2019.10",54563,180964
"가방","2019.11",55558,176678
"가방","2019.12",57540,187674
"가방","2020.01",49427,123875
"가방","2020.02",47170,121330
"가방","2020.03",44298,104401
"가방","2020.04",43952,91601
"가방","2020.05",44929,108422
"가방","2020.06",42383,115008
"가방","2020.07",49197,120113
"가방","2020.08",45372,116548
"가방","2020.09",44973,113579
"가방","2020.10",44855,119455
"가방","2020.11",49657,117055
"가방","2020.12",45691,112718
"가방","2021.01",41189,114752
"가방","2021.02",46304,127529
"가방","2021.03",55776,147292
"가방","2021.04",52194,141248
"가방","2021.05",51301,141501
"가방","2021.06",49554,132256
"가방","2021.07",52386,138249
"가방","2021.08",50221,142457
"가방","2021.09",51795,154486
"가방","2021.10",56886,169479
"가방","2021.11",54094,172108
"가방","2021.12",57408,174362
"가방","2022.01",53407,175174
"가방","2022.02",52920,174941
"가방","2022.03",57806,185217
"가방","2022.04",56447,170782
"가방","2022.05",59039,173755
"가방","2022.06",59609,168519
"가방","2022.07",52279,168364
"가방","2022.08",56593,180504
"가방","2022.09",55597,176420
"가방","2022.10",54956,165074
"가방","2022.11",65056,170692
"가방","2022.12",61074,161697
"가방","2023.01",63259,170248
"가방","2023.02",69355,171059
"가방","2023.03",77683,187534
"가방","2023.04",69600,175631
"가방","2023.05",68854,179763
"가방","2023.06",65330,158700
"가방","2023.07",64785,174718
"가방","2023.08",64438,176475
"가방","2023.09",63872,167887
"가방","2023.10",59613,162246
"가방","2023.11",62907,154837
"가방","2023.12",64875,165230
"가방","2024.01",64242,161386
"가방","2024.02",63914,166454
"가방","2024.03",65890,176519
"가방","2024.04",60395,159696
"가방","2024.05",58814,161312
"가방","2024.06",50869,143341
"가방","2024.07",58124,152848
"가방","2024.08",50342,145679
"가방","2024.09",51443,148016
"가방","2024.10",50388,145654
"가방","2024.11 p)",48345,144035
"가방","2024.12 p)",55720,147188
"패션용품 및 액세서리","2017.01",56669,86770
"패션용품 및 액세서리","2017.02",58915,87970
"패션용품 및 액세서리","2017.03",63045,102632
"패션용품 및 액세서리","2017.04",59952,105230
"패션용품 및 액세서리","2017.05",61938,106764
"패션용품 및 액세서리","2017.06",61378,101447
"패션용품 및 액세서리","2017.07",63749,106286
"패션용품 및 액세서리","2017.08",67589,110615
"패션용품 및 액세서리","2017.09",63340,107005
"패션용품 및 액세서리","2017.10",57204,104244
"패션용품 및 액세서리","2017.11",66076,123504
"패션용품 및 액세서리","2017.12",69667,136433
"패션용품 및 액세서리","2018.01",67231,128067
"패션용품 및 액세서리","2018.02",60565,117814
"패션용품 및 액세서리","2018.03",71766,138381
"패션용품 및 액세서리","2018.04",64739,131549
"패션용품 및 액세서리","2018.05",66788,131286
"패션용품 및 액세서리","2018.06",64458,124943
"패션용품 및 액세서리","2018.07",70239,139706
"패션용품 및 액세서리","2018.08",67109,127241
"패션용품 및 액세서리","2018.09",57332,112025
"패션용품 및 액세서리","2018.10",58805,123842
"패션용품 및 액세서리","2018.11",60670,131490
"패션용품 및 액세서리","2018.12",69189,151613
"패션용품 및 액세서리","2019.01",57407,133863
"패션용품 및 액세서리","2019.02",57275,127988
"패션용품 및 액세서리","2019.03",66365,144911
"패션용품 및 액세서리","2019.04",73293,140228
"패션용품 및 액세서리","2019.05",76517,157272
"패션용품 및 액세서리","2019.06",66261,149156
"패션용품 및 액세서리","2019.07",70801,161154
"패션용품 및 액세서리","2019.08",65641,146760
"패션용품 및 액세서리","2019.09",65576,146480
"패션용품 및 액세서리","2019.10",63501,142827
"패션용품 및 액세서리","2019.11",63314,153004
"패션용품 및 액세서리","2019.12",69366,172999
"패션용품 및 액세서리","2020.01",60205,168413
"패션용품 및 액세서리","2020.02",58294,157400
"패션용품 및 액세서리","2020.03",60425,161870
"패션용품 및 액세서리","2020.04",57173,145300
"패션용품 및 액세서리","2020.05",64231,164699
"패션용품 및 액세서리","2020.06",64361,170177
"패션용품 및 액세서리","2020.07",68463,178097
"패션용품 및 액세서리","2020.08",57366,163605
"패션용품 및 액세서리","2020.09",55034,152268
"패션용품 및 액세서리","2020.10",54693,158977
"패션용품 및 액세서리","2020.11",63378,174057
"패션용품 및 액세서리","2020.12",71753,213314
"패션용품 및 액세서리","2021.01",58365,183152
"패션용품 및 액세서리","2021.02",53788,168729
"패션용품 및 액세서리","2021.03",65928,200804
"패션용품 및 액세서리","2021.04",65080,203673
"패션용품 및 액세서리","2021.05",67050,216211
"패션용품 및 액세서리","2021.06",64848,204053
"패션용품 및 액세서리","2021.07",67930,213192
"패션용품 및 액세서리","2021.08",61175,199902
"패션용품 및 액세서리","2021.09",59593,200968
"패션용품 및 액세서리","2021.10",68668,218128
"패션용품 및 액세서리","2021.11",69922,234976
"패션용품 및 액세서리","2021.12",83741,289910
"패션용품 및 액세서리","2022.01",67246,250566
"패션용품 및 액세서리","2022.02",59381,233617
"패션용품 및 액세서리","2022.03",61137,240092
"패션용품 및 액세서리","2022.04",62245,235161
"패션용품 및 액세서리","2022.05",67640,255613
"패션용품 및 액세서리","2022.06",64340,251309
"패션용품 및 액세서리","2022.07",63178,255782
"패션용품 및 액세서리","2022.08",65989,241550
"패션용품 및 액세서리","2022.09",61600,231388
"패션용품 및 액세서리","2022.10",73840,219589
"패션용품 및 액세서리","2022.11",76868,247205
"패션용품 및 액세서리","2022.12",91150,323343
"패션용품 및 액세서리","2023.01",71468,238945
"패션용품 및 액세서리","2023.02",66612,221443
"패션용품 및 액세서리","2023.03",79189,244241
"패션용품 및 액세서리","2023.04",75074,233827
"패션용품 및 액세서리","2023.05",76759,256177
"패션용품 및 액세서리","2023.06",73965,235010
"패션용품 및 액세서리","2023.07",74752,250616
"패션용품 및 액세서리","2023.08",71404,242322
"패션용품 및 액세서리","2023.09",69507,215380
"패션용품 및 액세서리","2023.10",64167,228324
"패션용품 및 액세서리","2023.11",74205,294280
"패션용품 및 액세서리","2023.12",79015,341856
"패션용품 및 액세서리","2024.01",67812,273952
"패션용품 및 액세서리","2024.02",74606,248569
"패션용품 및 액세서리","2024.03",89992,258159
"패션용품 및 액세서리","2024.04",87133,256144
"패션용품 및 액세서리","2024.05",88908,269154
"패션용품 및 액세서리","2024.06",68303,256759
"패션용품 및 액세서리","2024.07",73567,276501
"패션용품 및 액세서리","2024.08",64796,238059
"패션용품 및 액세서리","2024.09",62369,235003
"패션용품 및 액세서리","2024.10",68732,248815
"패션용품 및 액세서리","2024.11 p)",71612,263634
"패션용품 및 액세서리","2024.12 p)",87223,315282
"스포츠·레저용품","2017.01",104489,96891
"스포츠·레저용품","2017.02",106163,100947
"스포츠·레저용품","2017.03",128706,128655
"스포츠·레저용품","2017.04",135380,147775
"스포츠·레저용품","2017.05",138288,154683
"스포츠·레저용품","2017.06",137585,151484
"스포츠·레저용품","2017.07",133912,158771
"스포츠·레저용품","2017.08",122467,143884
"스포츠·레저용품","2017.09",124327,141138
"스포츠·레저용품","2017.10",126699,148099
"스포츠·레저용품","2017.11",141177,171843
"스포츠·레저용품","2017.12",118429,139821
"스포츠·레저용품","2018.01",104533,126246
"스포츠·레저용품","2018.02",91209,109501
"스포츠·레저용품","2018.03",123291,160529
"스포츠·레저용품","2018.04",129065,169509
"스포츠·레저용품","2018.05",137411,193374
"스포츠·레저용품","2018.06",133562,191456
"스포츠·레저용품","2018.07",145252,215110
"스포츠·레저용품","2018.08",123519,176711
"스포츠·레저용품","2018.09",126162,178000
"스포츠·레저용품","2018.10",157246,232078
"스포츠·레저용품","2018.11",150248,223624
"스포츠·레저용품","2018.12",133187,199688
"스포츠·레저용품","2019.01",110120,165312
"스포츠·레저용품","2019.02",101920,150020
"스포츠·레저용품","2019.03",138742,192918
"스포츠·레저용품","2019.04",155688,205397
"스포츠·레저용품","2019.05",168489,240235
"스포츠·레저용품","2019.06",145672,217734
"스포츠·레저용품","2019.07",159170,231926
"스포츠·레저용품","2019.08",136062,201643
"스포츠·레저용품","2019.09",138503,205431
"스포츠·레저용품","2019.10",160646,246005
"스포츠·레저용품","2019.11",157915,259311
"스포츠·레저용품","2019.12",142094,219167
"스포츠·레저용품","2020.01",96056,178095
"스포츠·레저용품","2020.02",98994,181914
"스포츠·레저용품","2020.03",121914,233720
"스포츠·레저용품","2020.04",148167,277764
"스포츠·레저용품","2020.05",157202,317926
"스포츠·레저용품","2020.06",157255,316252
"스포츠·레저용품","2020.07",163855,325810
"스포츠·레저용품","2020.08",126290,278553
"스포츠·레저용품","2020.09",141973,301788
"스포츠·레저용품","2020.10",175550,369391
"스포츠·레저용품","2020.11",179696,352986
"스포츠·레저용품","2020.12",154353,313710
"스포츠·레저용품","2021.01",112062,246233
"스포츠·레저용품","2021.02",97819,227289
"스포츠·레저용품","2021.03",137008,312403
"스포츠·레저용품","2021.04",152182,357786
"스포츠·레저용품","2021.05",143349,360360
"스포츠·레저용품","2021.06",144128,348949
"스포츠·레저용품","2021.07",150412,362127
"스포츠·레저용품","2021.08",131717,333080
"스포츠·레저용품","2021.09",138450,366115
"스포츠·레저용품","2021.10",165433,418581
"스포츠·레저용품","2021.11",160537,380733
"스포츠·레저용품","2021.12",153219,351557
"스포츠·레저용품","2022.01",113382,278711
"스포츠·레저용품","2022.02",102563,264779
"스포츠·레저용품","2022.03",129675,348021
"스포츠·레저용품","2022.04",146358,401785
"스포츠·레저용품","2022.05",158580,425657
"스포츠·레저용품","2022.06",137258,378215
"스포츠·레저용품","2022.07",135158,389463
"스포츠·레저용품","2022.08",129702,366332
"스포츠·레저용품","2022.09",136262,386544
"스포츠·레저용품","2022.10",167426,427432
"스포츠·레저용품","2022.11",164837,387397
"스포츠·레저용품","2022.12",148145,356073
"스포츠·레저용품","2023.01",104449,266776
"스포츠·레저용품","2023.02",107922,268591
"스포츠·레저용품","2023.03",143372,359069
"스포츠·레저용품","2023.04",145879,373870
"스포츠·레저용품","2023.05",152682,415252
"스포츠·레저용품","2023.06",147361,379058
"스포츠·레저용품","2023.07",134420,358963
"스포츠·레저용품","2023.08",129569,348294
"스포츠·레저용품","2023.09",134155,353806
"스포츠·레저용품","2023.10",164201,425786
"스포츠·레저용품","2023.11",165581,411503
"스포츠·레저용품","2023.12",130576,322373
"스포츠·레저용품","2024.01",107746,279396
"스포츠·레저용품","2024.02",96858,269653
"스포츠·레저용품","2024.03",119351,353768
"스포츠·레저용품","2024.04",137165,397080
"스포츠·레저용품","2024.05",138389,402462
"스포츠·레저용품","2024.06",126397,365987
"스포츠·레저용품","2024.07",123166,336729
"스포츠·레저용품","2024.08",106775,319309
"스포츠·레저용품","2024.09",110552,333736
"스포츠·레저용품","2024.10",139276,392618
"스포츠·레저용품","2024.11 p)",149706,372161
"스포츠·레저용품","2024.12 p)",133616,300725
"화장품","2017.01",273399,380746
"화장품","2017.02",300678,428550
"화장품","2017.03",353850,361445
"화장품","2017.04",251566,331769
"화장품","2017.05",262428,360424
"화장품","2017.06",274418,378115
"화장품","2017.07",258757,360699
"화장품","2017.08",280375,372187
"화장품","2017.09",331282,385834
"화장품","2017.10",311318,366559
"화장품","2017.11",354520,434703
"화장품","2017.12",290554,412990
"화장품","2018.01",335960,434948
"화장품","2018.02",316879,429497
"화장품","2018.03",391775,439877
"화장품","2018.04",363671,438758
"화장품","2018.05",361374,457152
"화장품","2018.06",333163,439341
"화장품","2018.07",335961,443006
"화장품","2018.08",342475,459509
"화장품","2018.09",392815,456801
"화장품","2018.10",401459,492829
"화장품","2018.11",398730,512836
"화장품","2018.12",352694,520553
"화장품","2019.01",328732,572616
"화장품","2019.02",301601,561471
"화장품","2019.03",416273,609446
"화장품","2019.04",384095,579626
"화장품","2019.05",396828,593608
"화장품","2019.06",375254,569708
"화장품","2019.07",397100,589441
"화장품","2019.08",433334,606331
"화장품","2019.09",483892,618749
"화장품","2019.10",502379,655866
"화장품","2019.11",530197,680151
"화장품","2019.12",492965,700083
"화장품","2020.01",478871,667638
"화장품","2020.02",431677,633853
"화장품","2020.03",549437,455580
"화장품","2020.04",613725,368768
"화장품","2020.05",544433,418010
"화장품","2020.06",603221,428728
"화장품","2020.07",639734,430998
"화장품","2020.08",709524,426372
"화장품","2020.09",662349,464762
"화장품","2020.10",616397,465530
"화장품","2020.11",672859,509814
"화장품","2020.12",589316,558970
"화장품","2021.01",613312,534439
"화장품","2021.02",471420,495492
"화장품","2021.03",565467,546232
"화장품","2021.04",546303,549965
"화장품","2021.05",627130,571895
"화장품","2021.06",537069,559705
"화장품","2021.07",494430,558236
"화장품","2021.08",389978,584729
"화장품","2021.09",464003,597985
"화장품","2021.10",461829,567877
"화장품","2021.11",486791,632985
"화장품","2021.12",306741,713159
"화장품","2022.01",255987,670680
"화장품","2022.02",256221,652404
"화장품","2022.03",310786,691877
"화장품","2022.04",272809,641235
"화장품","2022.05",265303,716306
"화장품","2022.06",270083,671020
"화장품","2022.07",217278,638413
"화장품","2022.08",212737,669468
"화장품","2022.09",232194,664819
"화장품","2022.10",238800,666343
"화장품","2022.11",213720,705370
"화장품","2022.12",210926,719183
"화장품","2023.01",176876,748482
"화장품","2023.02",184919,693790
"화장품","2023.03",218354,756464
"화장품","2023.04",249648,722165
"화장품","2023.05",253945,767988
"화장품","2023.06",229694,727744
"화장품","2023.07",229742,715633
"화장품","2023.08",230334,758581
"화장품","2023.09",221370,775286
"화장품","2023.10",250276,796492
"화장품","2023.11",262746,839098
"화장품","2023.12",204952,857484
"화장품","2024.01",234226,855614
"화장품","2024.02",165689,795821
"화장품","2024.03",201188,878433
"화장품","2024.04",221117,834974
"화장품","2024.05",208602,872990
"화장품","2024.06",183371,836345
"화장품","2024.07",187336,801413
"화장품","2024.08",178648,834960
"화장품","2024.09",182894,832651
"화장품","2024.10",186657,844089
"화장품","2024.11 p)",205439,878058
"화장품","2024.12 p)",203153,939104
"아동·유아용품","2017.01",76647,183143
"아동·유아용품","2017.02",81434,180770
"아동·유아용품","2017.03",95343,204856
"아동·유아용품","2017.04",90564,203032
"아동·유아용품","2017.05",76554,198011
"아동·유아용품","2017.06",75478,183591
"아동·유아용품","2017.07",72696,191882
"아동·유아용품","2017.08",72846,190684
"아동·유아용품","2017.09",75971,196306
"아동·유아용품","2017.10",70801,189740
"아동·유아용품","2017.11",84549,215042
"아동·유아용품","2017.12",104274,272962
"아동·유아용품","2018.01",75872,219323
"아동·유아용품","2018.02",71246,197372
"아동·유아용품","2018.03",84298,214584
"아동·유아용품","2018.04",85677,234743
"아동·유아용품","2018.05",85549,225249
"아동·유아용품","2018.06",72371,199563
"아동·유아용품","2018.07",72132,215258
"아동·유아용품","2018.08",68243,207562
"아동·유아용품","2018.09",68616,205124
"아동·유아용품","2018.10",77542,231320
"아동·유아용품","2018.11",79117,230956
"아동·유아용품","2018.12",100708,292866
"아동·유아용품","2019.01",75693,237986
"아동·유아용품","2019.02",69315,217104
"아동·유아용품","2019.03",81126,256428
"아동·유아용품","2019.04",96255,257972
"아동·유아용품","2019.05",89934,258008
"아동·유아용품","2019.06",75393,228542
"아동·유아용품","2019.07",81422,236846
"아동·유아용품","2019.08",75234,233726
"아동·유아용품","2019.09",80547,244722
"아동·유아용품","2019.10",84728,264669
"아동·유아용품","2019.11",84398,277017
"아동·유아용품","2019.12",108853,333894
"아동·유아용품","2020.01",66459,260589
"아동·유아용품","2020.02",78227,306687
"아동·유아용품","2020.03",80931,318749
"아동·유아용품","2020.04",86909,303934
"아동·유아용품","2020.05",82169,312732
"아동·유아용품","2020.06",75891,288216
"아동·유아용품","2020.07",79504,291385
"아동·유아용품","2020.08",72768,293583
"아동·유아용품","2020.09",81214,302623
"아동·유아용품","2020.10",82228,306298
"아동·유아용품","2020.11",92322,304863
"아동·유아용품","2020.12",112654,406934
"아동·유아용품","2021.01",76331,320975
"아동·유아용품","2021.02",70929,295361
"아동·유아용품","2021.03",81193,336271
"아동·유아용품","2021.04",85608,343044
"아동·유아용품","2021.05",78558,346705
"아동·유아용품","2021.06",71013,308446
"아동·유아용품","2021.07",73392,325984
"아동·유아용품","2021.08",68068,306917
"아동·유아용품","2021.09",67934,312007
"아동·유아용품","2021.10",78388,328891
"아동·유아용품","2021.11",83407,336712
"아동·유아용품","2021.12",110133,434761
"아동·유아용품","2022.01",69713,323126
"아동·유아용품","2022.02",60981,328266
"아동·유아용품","2022.03",74069,367994
"아동·유아용품","2022.04",85998,383055
"아동·유아용품","2022.05",74908,379681
"아동·유아용품","2022.06",66297,338368
"아동·유아용품","2022.07",63197,345252
"아동·유아용품","2022.08",68743,344659
"아동·유아용품","2022.09",68709,333297
"아동·유아용품","2022.10",82669,344451
"아동·유아용품","2022.11",90972,358944
"아동·유아용품","2022.12",108600,434810
"아동·유아용품","2023.01",69206,335724
"아동·유아용품","2023.02",69629,328161
"아동·유아용품","2023.03",87886,372581
"아동·유아용품","2023.04",90754,367883
"아동·유아용품","2023.05",81172,391528
"아동·유아용품","2023.06",75827,334851
"아동·유아용품","2023.07",72374,339610
"아동·유아용품","2023.08",72657,332525
"아동·유아용품","2023.09",72518,326274
"아동·유아용품","2023.10",80637,363465
"아동·유아용품","2023.11",84949,372049
"아동·유아용품","2023.12",101980,418981
"아동·유아용품","2024.01",69097,341983
"아동·유아용품","2024.02",65129,344533
"아동·유아용품","2024.03",79224,380711
"아동·유아용품","2024.04",90138,386851
"아동·유아용품","2024.05",81119,387074
"아동·유아용품","2024.06",69681,339075
"아동·유아용품","2024.07",73064,333543
"아동·유아용품","2024.08",70550,327189
"아동·유아용품","2024.09",67024,325602
"아동·유아용품","2024.10",79945,353659
"아동·유아용품","2024.11 p)",83774,366642
"아동·유아용품","2024.12 p)",98750,426823
"음·식료품","2017.01",281528,394322
"음·식료품","2017.02",223285,349797
"음·식료품","2017.03",249069,392601
"음·식료품","2017.04",266606,386307
"음·식료품","2017.05",239172,394181
"음·식료품","2017.06",243369,398224
"음·식료품","2017.07",233432,404744
"음·식료품","2017.08",254664,437977
"음·식료품","2017.09",316807,511044
"음·식료품","2017.10",216216,392399
"음·식료품","2017.11",253308,448282
"음·식료품","2017.12",258055,451629
"음·식료품","2018.01",286550,560272
"음·식료품","2018.02",296445,518213
"음·식료품","2018.03",292272,534601
"음·식료품","2018.04",284398,525617
"음·식료품","2018.05",295067,553977
"음·식료품","2018.06",277793,533452
"음·식료품","2018.07",298775,568131
"음·식료품","2018.08",301451,603681
"음·식료품","2018.09",350883,649172
"음·식료품","2018.10",298644,611763
"음·식료품","2018.11",306595,621073
"음·식료품","2018.12",315251,610357
"음·식료품","2019.01",397250,796103
"음·식료품","2019.02",274273,593161
"음·식료품","2019.03",330978,696293
"음·식료품","2019.04",348841,710012
"음·식료품","2019.05",364339,747270
"음·식료품","2019.06",336297,703854
"음·식료품","2019.07",358010,734948
"음·식료품","2019.08",407028,808494
"음·식료품","2019.09",410214,823544
"음·식료품","2019.10",363472,827011
"음·식료품","2019.11",359235,838922
"음·식료품","2019.12",376396,840785
"음·식료품","2020.01",374501,981130
"음·식료품","2020.02",370239,1049118
"음·식료품","2020.03",389152,1159276
"음·식료품","2020.04",373593,1060441
"음·식료품","2020.05",355963,1049983
"음·식료품","2020.06",362597,994894
"음·식료품","2020.07",392174,1104106
"음·식료품","2020.08",384112,1169716
"음·식료품","2020.09",513649,1381764
"음·식료품","2020.10",397875,1156920
"음·식료품","2020.11",435169,1220170
"음·식료품","2020.12",477547,1401871
"음·식료품","2021.01",495902,1486056
"음·식료품","2021.02",440637,1300842
"음·식료품","2021.03",457032,1383329
"음·식료품","2021.04",456317,1366920
"음·식료품","2021.05",464656,1409129
"음·식료품","2021.06",455613,1333242
"음·식료품","2021.07",479811,1423395
"음·식료품","2021.08",503976,1478414
"음·식료품","2021.09",526388,1553671
"음·식료품","2021.10",482799,1419084
"음·식료품","2021.11",478960,1456011
"음·식료품","2021.12",502045,1559974
"음·식료품","2022.01",594975,1728280
"음·식료품","2022.02",432862,1531303
"음·식료품","2022.03",527640,1751207
"음·식료품","2022.04",512501,1619753
"음·식료품","2022.05",525944,1666973
"음·식료품","2022.06",501526,1596998
"음·식료품","2022.07",503729,1648900
"음·식료품","2022.08",612065,1900534
"음·식료품","2022.09",524875,1727379
"음·식료품","2022.10",560689,1598920
"음·식료품","2022.11",601190,1682561
"음·식료품","2022.12",624911,1685596
"음·식료품","2023.01",692345,1874149
"음·식료품","2023.02",536671,1596972
"음·식료품","2023.03",638699,1811457
"음·식료품","2023.04",614351,1735895
"음·식료품","2023.05",639645,1857810
"음·식료품","2023.06",613103,1793925
"음·식료품","2023.07",615947,1859107
"음·식료품","2023.08",651298,1974401
"음·식료품","2023.09",708799,2029357
"음·식료품","2023.10",609620,1855749
"음·식료품","2023.11",636634,1945500
"음·식료품","2023.12",616095,1933986
"음·식료품","2024.01",734608,2186402
"음·식료품","2024.02",594206,1990616
"음·식료품","2024.03",644042,2134090
"음·식료품","2024.04",634821,2135330
"음·식료품","2024.05",662590,2229613
"음·식료품","2024.06",609041,2084228
"음·식료품","2024.07",646122,2190001
"음·식료품","2024.08",697052,2334716
"음·식료품","2024.09",696682,2330505
"음·식료품","2024.10",652872,2240829
"음·식료품","2024.11 p)",663678,2241727
"음·식료품","2024.12 p)",635251,2289418
"농축수산물","2017.01",116799,142230
"농축수산물","2017.02",66964,100582
"농축수산물","2017.03",72315,121835
"농축수산물","2017.04",65812,110327
"농축수산물","2017.05",63704,112058
"농축수산물","2017.06",66113,114736
"농축수산물","2017.07",64551,118131
"농축수산물","2017.08",68512,125578
"농축수산물","2017.09",122538,166426
"농축수산물","2017.10",67310,107471
"농축수산물","2017.11",76101,132643
"농축수산물","2017.12",75792,146060
"농축수산물","2018.01",83591,168319
"농축수산물","2018.02",116806,172972
"농축수산물","2018.03",76413,152387
"농축수산물","2018.04",71138,144262
"농축수산물","2018.05",73233,148502
"농축수산물","2018.06",69204,145068
"농축수산물","2018.07",74924,149306
"농축수산물","2018.08",74292,160790
"농축수산물","2018.09",126449,183571
"농축수산물","2018.10",79931,158130
"농축수산물","2018.11",85916,170752
"농축수산물","2018.12",80784,173774
"농축수산물","2019.01",143447,269825
"농축수산물","2019.02",66686,164432
"농축수산물","2019.03",85583,192821
"농축수산물","2019.04",90963,195328
"농축수산물","2019.05",88609,196679
"농축수산물","2019.06",79003,190836
"농축수산물","2019.07",83075,199602
"농축수산물","2019.08",104335,217195
"농축수산물","2019.09",126828,247714
"농축수산물","2019.10",88826,224229
"농축수산물","2019.11",94042,231804
"농축수산물","2019.12",99393,241793
"농축수산물","2020.01",167765,324708
"농축수산물","2020.02",141197,339871
"농축수산물","2020.03",134303,419899
"농축수산물","2020.04",122577,378336
"농축수산물","2020.05",109372,334508
"농축수산물","2020.06",127419,322496
"농축수산물","2020.07",149236,344258
"농축수산물","2020.08",143637,387136
"농축수산물","2020.09",230277,552702
"농축수산물","2020.10",133262,400662
"농축수산물","2020.11",149928,410631
"농축수산물","2020.12",188939,548078
"농축수산물","2021.01",194477,612173
"농축수산물","2021.02",179807,522842
"농축수산물","2021.03",149084,497057
"농축수산물","2021.04",140637,488527
"농축수산물","2021.05",141927,502347
"농축수산물","2021.06",139790,472559
"농축수산물","2021.07",146884,503524
"농축수산물","2021.08",159061,547387
"농축수산물","2021.09",222442,625561
"농축수산물","2021.10",152114,499052
"농축수산물","2021.11",148841,509742
"농축수산물","2021.12",173067,604487
"농축수산물","2022.01",261257,771826
"농축수산물","2022.02",126714,539118
"농축수산물","2022.03",194883,624681
"농축수산물","2022.04",181503,559539
"농축수산물","2022.05",185270,550478
"농축수산물","2022.06",173729,533453
"농축수산물","2022.07",172612,543284
"농축수산물","2022.08",228230,664723
"농축수산물","2022.09",193060,641006
"농축수산물","2022.10",187868,548009
"농축수산물","2022.11",204945,559431
"농축수산물","2022.12",225357,608488
"농축수산물","2023.01",285794,784252
"농축수산물","2023.02",182667,548395
"농축수산물","2023.03",215628,601484
"농축수산물","2023.04",204092,580993
"농축수산물","2023.05",210497,623464
"농축수산물","2023.06",210887,612983
"농축수산물","2023.07",215737,630956
"농축수산물","2023.08",235734,697364
"농축수산물","2023.09",313262,864101
"농축수산물","2023.10",229154,657736
"농축수산물","2023.11",238688,695656
"농축수산물","2023.12",243152,766183
"농축수산물","2024.01",305572,891134
"농축수산물","2024.02",252586,836889
"농축수산물","2024.03",249467,786491
"농축수산물","2024.04",239240,753076
"농축수산물","2024.05",253464,791694
"농축수산물","2024.06",238294,736958
"농축수산물","2024.07",227862,751319
"농축수산물","2024.08",255117,807716
"농축수산물","2024.09",294997,921538
"농축수산물","2024.10",240937,788154
"농축수산물","2024.11 p)",245668,791741
"농축수산물","2024.12 p)",255558,862057
"생활용품","2017.01",245410,346900
"생활용품","2017.02",252296,354823
"생활용품","2017.03",266119,353374
"생활용품","2017.04",246729,328595
"생활용품","2017.05",247892,352665
"생활용품","2017.06",246264,350978
"생활용품","2017.07",240315,373275
"생활용품","2017.08",245562,386060
"생활용품","2017.09",265245,388499
"생활용품","2017.10",227897,374151
"생활용품","2017.11",274287,434326
"생활용품","2017.12",264710,417191
"생활용품","2018.01",261059,449370
"생활용품","2018.02",234324,401715
"생활용품","2018.03",271316,468022
"생활용품","2018.04",272221,437644
"생활용품","2018.05",259687,456275
"생활용품","2018.06",245069,442828
"생활용품","2018.07",258839,481341
"생활용품","2018.08",244105,470832
"생활용품","2018.09",238866,452938
"생활용품","2018.10",272434,516271
"생활용품","2018.11",273645,526203
"생활용품","2018.12",271350,516470
"생활용품","2019.01",274481,557289
"생활용품","2019.02",239248,496403
"생활용품","2019.03",290887,578305
"생활용품","2019.04",294143,527740
"생활용품","2019.05",296296,565994
"생활용품","2019.06",267664,544587
"생활용품","2019.07",280599,564752
"생활용품","2019.08",288626,586206
"생활용품","2019.09",281795,577839
"생활용품","2019.10",291248,616337
"생활용품","2019.11",295220,637539
"생활용품","2019.12",298547,628739
"생활용품","2020.01",262702,661379
"생활용품","2020.02",315128,818795
"생활용품","2020.03",343598,893130
"생활용품","2020.04",316505,739491
"생활용품","2020.05",327283,810135
"생활용품","2020.06",333066,811922
"생활용품","2020.07",331810,859709
"생활용품","2020.08",325816,930650
"생활용품","2020.09",332078,872005
"생활용품","2020.10",310590,832138
"생활용품","2020.11",329747,850550
"생활용품","2020.12",371859,972945
"생활용품","2021.01",321382,937168
"생활용품","2021.02",290631,827468
"생활용품","2021.03",335114,939547
"생활용품","2021.04",320261,903636
"생활용품","2021.05",326245,942760
"생활용품","2021.06",326374,928866
"생활용품","2021.07",333481,980315
"생활용품","2021.08",321971,968416
"생활용품","2021.09",312739,965710
"생활용품","2021.10",340251,986740
"생활용품","2021.11",353966,982339
"생활용품","2021.12",362958,1082015
"생활용품","2022.01",332363,1019285
"생활용품","2022.02",294805,1038365
"생활용품","2022.03",333853,1125872
"생활용품","2022.04",315631,1022591
"생활용품","2022.05",330176,1050206
"생활용품","2022.06",308798,1060147
"생활용품","2022.07",302454,1080006
"생활용품","2022.08",321522,1134863
"생활용품","2022.09",290023,1037978
"생활용품","2022.10",346987,1012023
"생활용품","2022.11",376006,1045604
"생활용품","2022.12",377567,1072582
"생활용품","2023.01",311929,1017226
"생활용품","2023.02",302008,969387
"생활용품","2023.03",363734,1083080
"생활용품","2023.04",341253,1018331
"생활용품","2023.05",352127,1122518
"생활용품","2023.06",350740,1097985
"생활용품","2023.07",344831,1131991
"생활용품","2023.08",350671,1132410
"생활용품","2023.09",328041,1072760
"생활용품","2023.10",357190,1148536
"생활용품","2023.11",390902,1182199
"생활용품","2023.12",356308,1179688
"생활용품","2024.01",352013,1156589
"생활용품","2024.02",305881,1111994
"생활용품","2024.03",356305,1226652
"생활용품","2024.04",348782,1182190
"생활용품","2024.05",355660,1249947
"생활용품","2024.06",339506,1223345
"생활용품","2024.07",364217,1277069
"생활용품","2024.08",350877,1251030
"생활용품","2024.09",319691,1191520
"생활용품","2024.10",364138,1236281
"생활용품","2024.11 p)",379692,1231172
"생활용품","2024.12 p)",366928,1242391
"자동차 및 자동차용품","2017.01",34744,45400
"자동차 및 자동차용품","2017.02",33549,43128
"자동차 및 자동차용품","2017.03",37139,44158
"자동차 및 자동차용품","2017.04",35727,44786
"자동차 및 자동차용품","2017.05",38442,48770
"자동차 및 자동차용품","2017.06",39538,48653
"자동차 및 자동차용품","2017.07",41482,52762
"자동차 및 자동차용품","2017.08",39414,53285
"자동차 및 자동차용품","2017.09",36519,50478
"자동차 및 자동차용품","2017.10",32422,48053
"자동차 및 자동차용품","2017.11",39536,50031
"자동차 및 자동차용품","2017.12",37716,47508
"자동차 및 자동차용품","2018.01",31543,45677
"자동차 및 자동차용품","2018.02",26428,39074
"자동차 및 자동차용품","2018.03",36667,47231
"자동차 및 자동차용품","2018.04",32750,49851
"자동차 및 자동차용품","2018.05",32931,51080
"자동차 및 자동차용품","2018.06",32724,48528
"자동차 및 자동차용품","2018.07",35786,55245
"자동차 및 자동차용품","2018.08",33296,51583
"자동차 및 자동차용품","2018.09",30829,47628
"자동차 및 자동차용품","2018.10",34981,53262
"자동차 및 자동차용품","2018.11",42105,55994
"자동차 및 자동차용품","2018.12",38056,56612
"자동차 및 자동차용품","2019.01",35085,61383
"자동차 및 자동차용품","2019.02",29204,50653
"자동차 및 자동차용품","2019.03",43395,63498
"자동차 및 자동차용품","2019.04",39003,58413
"자동차 및 자동차용품","2019.05",43129,63207
"자동차 및 자동차용품","2019.06",39230,59477
"자동차 및 자동차용품","2019.07",38768,58536
"자동차 및 자동차용품","2019.08",50770,61443
"자동차 및 자동차용품","2019.09",94800,74993
"자동차 및 자동차용품","2019.10",42339,64363
"자동차 및 자동차용품","2019.11",92297,67121
"자동차 및 자동차용품","2019.12",49755,66041
"자동차 및 자동차용품","2020.01",69172,50140
"자동차 및 자동차용품","2020.02",104608,49352
"자동차 및 자동차용품","2020.03",140500,56188
"자동차 및 자동차용품","2020.04",67820,62142
"자동차 및 자동차용품","2020.05",71543,70078
"자동차 및 자동차용품","2020.06",197464,70836
"자동차 및 자동차용품","2020.07",93627,76341
"자동차 및 자동차용품","2020.08",121090,65391
"자동차 및 자동차용품","2020.09",122303,72216
"자동차 및 자동차용품","2020.10",86151,69949
"자동차 및 자동차용품","2020.11",122181,92106
"자동차 및 자동차용품","2020.12",104771,88935
"자동차 및 자동차용품","2021.01",68962,75232
"자동차 및 자동차용품","2021.02",95979,65518
"자동차 및 자동차용품","2021.03",284379,74510
"자동차 및 자동차용품","2021.04",108441,85223
"자동차 및 자동차용품","2021.05",319303,88169
"자동차 및 자동차용품","2021.06",446434,87211
"자동차 및 자동차용품","2021.07",100515,83810
"자동차 및 자동차용품","2021.08",228381,80481
"자동차 및 자동차용품","2021.09",264858,92873
"자동차 및 자동차용품","2021.10",108271,116331
"자동차 및 자동차용품","2021.11",230004,150745
"자동차 및 자동차용품","2021.12",131942,154444
"자동차 및 자동차용품","2022.01",123132,127192
"자동차 및 자동차용품","2022.02",126594,113485
"자동차 및 자동차용품","2022.03",299900,129400
"자동차 및 자동차용품","2022.04",147045,135308
"자동차 및 자동차용품","2022.05",237544,150319
"자동차 및 자동차용품","2022.06",314555,146570
"자동차 및 자동차용품","2022.07",138095,147953
"자동차 및 자동차용품","2022.08",338255,112029
"자동차 및 자동차용품","2022.09",401337,135226
"자동차 및 자동차용품","2022.10",113940,141620
"자동차 및 자동차용품","2022.11",215519,161479
"자동차 및 자동차용품","2022.12",156647,146978
"자동차 및 자동차용품","2023.01",105236,128999
"자동차 및 자동차용품","2023.02",113495,123000
"자동차 및 자동차용품","2023.03",227290,133687
"자동차 및 자동차용품","2023.04",131419,135740
"자동차 및 자동차용품","2023.05",160419,147195
"자동차 및 자동차용품","2023.06",370151,146806
"자동차 및 자동차용품","2023.07",147508,143513
"자동차 및 자동차용품","2023.08",187869,143474
"자동차 및 자동차용품","2023.09",440191,139580
"자동차 및 자동차용품","2023.10",268411,142942
"자동차 및 자동차용품","2023.11",381717,172136
"자동차 및 자동차용품","2023.12",231478,152368
"자동차 및 자동차용품","2024.01",144706,132437
"자동차 및 자동차용품","2024.02",155649,126339
"자동차 및 자동차용품","2024.03",505268,141821
"자동차 및 자동차용품","2024.04",200419,142092
"자동차 및 자동차용품","2024.05",383201,155358
"자동차 및 자동차용품","2024.06",496921,148891
"자동차 및 자동차용품","2024.07",272574,141907
"자동차 및 자동차용품","2024.08",306445,135214
"자동차 및 자동차용품","2024.09",212499,141364
"자동차 및 자동차용품","2024.10",198056,152843
"자동차 및 자동차용품","2024.11 p)",335171,161458
"자동차 및 자동차용품","2024.12 p)",243151,113980
"가구","2017.01",83204,105397
"가구","2017.02",96989,122186
"가구","2017.03",102935,137752
"가구","2017.04",88744,117279
"가구","2017.05",83217,118222
"가구","2017.06",84221,119363
"가구","2017.07",85175,126482
"가구","2017.08",90905,136077
"가구","2017.09",91966,135835
"가구","2017.10",85731,137353
"가구","2017.11",96351,145819
"가구","2017.12",88111,132574
"가구","2018.01",92737,159155
"가구","2018.02",89192,152372
"가구","2018.03",102507,174549
"가구","2018.04",95591,165191
"가구","2018.05",91504,163161
"가구","2018.06",89702,153625
"가구","2018.07",88726,159115
"가구","2018.08",86515,157881
"가구","2018.09",83475,158782
"가구","2018.10",102783,193892
"가구","2018.11",103195,192546
"가구","2018.12",98788,181287
"가구","2019.01",96792,187910
"가구","2019.02",89084,184617
"가구","2019.03",104367,205141
"가구","2019.04",99194,189071
"가구","2019.05",103232,186633
"가구","2019.06",93606,180435
"가구","2019.07",93750,173145
"가구","2019.08",93136,186216
"가구","2019.09",92330,199190
"가구","2019.10",100944,223859
"가구","2019.11",105773,223689
"가구","2019.12",104115,219652
"가구","2020.01",93010,212586
"가구","2020.02",116061,259379
"가구","2020.03",130124,305747
"가구","2020.04",122267,276478
"가구","2020.05",120344,277223
"가구","2020.06",117566,274706
"가구","2020.07",115979,263192
"가구","2020.08",117632,288493
"가구","2020.09",127333,316171
"가구","2020.10",128626,318062
"가구","2020.11",131046,312666
"가구","2020.12",143312,344516
"가구","2021.01",128857,345018
"가구","2021.02",115346,319350
"가구","2021.03",136085,361103
"가구","2021.04",121451,321435
"가구","2021.05",116616,317959
"가구","2021.06",121642,307447
"가구","2021.07",117128,308786
"가구","2021.08",115256,312611
"가구","2021.09",107186,313366
"가구","2021.10",119614,332330
"가구","2021.11",124021,329856
"가구","2021.12",128053,351067
"가구","2022.01",116648,326519
"가구","2022.02",117502,353892
"가구","2022.03",119727,359164
"가구","2022.04",111733,310188
"가구","2022.05",112692,315342
"가구","2022.06",104777,312650
"가구","2022.07",103874,302640
"가구","2022.08",109621,324265
"가구","2022.09",99931,304149
"가구","2022.10",112424,318457
"가구","2022.11",116530,318303
"가구","2022.12",117310,306648
"가구","2023.01",105700,309620
"가구","2023.02",114948,332564
"가구","2023.03",128456,347609
"가구","2023.04",114238,306137
"가구","2023.05",114639,325411
"가구","2023.06",115115,311497
"가구","2023.07",113771,323902
"가구","2023.08",117137,329364
"가구","2023.09",106866,306109
"가구","2023.10",116953,346541
"가구","2023.11",127174,358951
"가구","2023.12",119968,343591
"가구","2024.01",126170,371359
"가구","2024.02",117504,374967
"가구","2024.03",135454,396144
"가구","2024.04",127454,356930
"가구","2024.05",110835,357678
"가구","2024.06",107156,346059
"가구","2024.07",111146,339537
"가구","2024.08",105343,339970
"가구","2024.09",96909,327774
"가구","2024.10",116969,367401
"가구","2024.11 p)",120668,372457
"가구","2024.12 p)",115786,352470
"애완용품","2017.01",22849,30247
"애완용품","2017.02",24296,37709
"애완용품","2017.03",25187,40078
"애완용품","2017.04",23609,35774
"애완용품","2017.05",22937,33175
"애완용품","2017.06",22732,33360
"애완용품","2017.07",22569,35931
"애완용품","2017.08",23065,37525
"애완용품","2017.09",24325,41752
"애완용품","2017.10",22728,41763
"애완용품","2017.11",25677,46998
"애완용품","2017.12",23206,39074
"애완용품","2018.01",24538,47640
"애완용품","2018.02",20227,40717
"애완용품","2018.03",22960,45674
"애완용품","2018.04",22363,47974
"애완용품","2018.05",22195,47039
"애완용품","2018.06",23474,51652
"애완용품","2018.07",21873,53975
"애완용품","2018.08",21450,50031
"애완용품","2018.09",18168,48060
"애완용품","2018.10",21100,48566
"애완용품","2018.11",19750,48551
"애완용품","2018.12",19851,48227
"애완용품","2019.01",20185,52633
"애완용품","2019.02",19901,45431
"애완용품","2019.03",21791,51353
"애완용품","2019.04",24066,51858
"애완용품","2019.05",24044,53419
"애완용품","2019.06",22063,55761
"애완용품","2019.07",22177,55767
"애완용품","2019.08",21988,55364
"애완용품","2019.09",25333,57337
"애완용품","2019.10",25295,63472
"애완용품","2019.11",23474,62941
"애완용품","2019.12",24735,62290
"애완용품","2020.01",26134,88118
"애완용품","2020.02",26502,90140
"애완용품","2020.03",29056,97271
"애완용품","2020.04",30436,95985
"애완용품","2020.05",28951,97888
"애완용품","2020.06",30076,98370
"애완용품","2020.07",31989,106231
"애완용품","2020.08",30187,106451
"애완용품","2020.09",30765,108682
"애완용품","2020.10",32149,112108
"애완용품","2020.11",33422,112179
"애완용품","2020.12",35220,125510
"애완용품","2021.01",32380,125863
"애완용품","2021.02",28542,109777
"애완용품","2021.03",33127,125099
"애완용품","2021.04",32268,123666
"애완용품","2021.05",31206,127480
"애완용품","2021.06",31730,127728
"애완용품","2021.07",32936,132206
"애완용품","2021.08",33839,136135
"애완용품","2021.09",30591,134647
"애완용품","2021.10",35561,139547
"애완용품","2021.11",35331,139082
"애완용품","2021.12",34234,149873
"애완용품","2022.01",33967,143573
"애완용품","2022.02",27694,140951
"애완용품","2022.03",30318,157424
"애완용품","2022.04",28803,149831
"애완용품","2022.05",31063,156115
"애완용품","2022.06",30221,158147
"애완용품","2022.07",28821,159542
"애완용품","2022.08",33049,167557
"애완용품","2022.09",30289,162380
"애완용품","2022.10",38918,157413
"애완용품","2022.11",39102,161573
"애완용품","2022.12",40773,165813
"애완용품","2023.01",36396,163514
"애완용품","2023.02",34887,150294
"애완용품","2023.03",39104,169118
"애완용품","2023.04",35973,161892
"애완용품","2023.05",38350,172180
"애완용품","2023.06",39007,169701
"애완용품","2023.07",37300,175553
"애완용품","2023.08",39960,179278
"애완용품","2023.09",35585,169643
"애완용품","2023.10",40566,182051
"애완용품","2023.11",39185,179635
"애완용품","2023.12",38657,185603
"애완용품","2024.01",39206,184485
"애완용품","2024.02",35140,170070
"애완용품","2024.03",37521,185364
"애완용품","2024.04",36877,181948
"애완용품","2024.05",37561,188167
"애완용품","2024.06",37060,184108
"애완용품","2024.07",38278,190612
"애완용품","2024.08",39678,190100
"애완용품","2024.09",35060,182201
"애완용품","2024.10",40728,193379
"애완용품","2024.11 p)",40730,191468
"애완용품","2024.12 p)",40236,199186
"여행 및 교통서비스","2017.01",603688,611775
"여행 및 교통서비스","2017.02",552472,557968
"여행 및 교통서비스","2017.03",510654,561942
"여행 및 교통서비스","2017.04",534384,600457
"여행 및 교통서비스","2017.05",574594,607302
"여행 및 교통서비스","2017.06",605089,605819
"여행 및 교통서비스","2017.07",643280,736121
"여행 및 교통서비스","2017.08",645755,760584
"여행 및 교통서비스","2017.09",538530,684418
"여행 및 교통서비스","2017.10",549027,658486
"여행 및 교통서비스","2017.11",518560,639102
"여행 및 교통서비스","2017.12",522992,755350
"여행 및 교통서비스","2018.01",685630,805804
"여행 및 교통서비스","2018.02",548038,698011
"여행 및 교통서비스","2018.03",569662,694525
"여행 및 교통서비스","2018.04",588518,731940
"여행 및 교통서비스","2018.05",632925,796285
"여행 및 교통서비스","2018.06",627024,786901
"여행 및 교통서비스","2018.07",668379,899752
"여행 및 교통서비스","2018.08",650988,909075
"여행 및 교통서비스","2018.09",515727,749872
"여행 및 교통서비스","2018.10",586580,742626
"여행 및 교통서비스","2018.11",548742,747692
"여행 및 교통서비스","2018.12",572556,824163
"여행 및 교통서비스","2019.01",634258,904380
"여행 및 교통서비스","2019.02",587030,830402
"여행 및 교통서비스","2019.03",581118,798643
"여행 및 교통서비스","2019.04",586949,808109
"여행 및 교통서비스","2019.05",614613,875280
"여행 및 교통서비스","2019.06",612674,871038
"여행 및 교통서비스","2019.07",657421,994070
"여행 및 교통서비스","2019.08",658142,1034627
"여행 및 교통서비스","2019.09",533192,836955
"여행 및 교통서비스","2019.10",598342,888311
"여행 및 교통서비스","2019.11",607963,889622
"여행 및 교통서비스","2019.12",641388,977716
"여행 및 교통서비스","2020.01",456795,947890
"여행 및 교통서비스","2020.02",222219,462317
"여행 및 교통서비스","2020.03",101944,256114
"여행 및 교통서비스","2020.04",90801,348887
"여행 및 교통서비스","2020.05",108884,441793
"여행 및 교통서비스","2020.06",117662,465106
"여행 및 교통서비스","2020.07",157901,624106
"여행 및 교통서비스","2020.08",160661,620054
"여행 및 교통서비스","2020.09",104505,441892
"여행 및 교통서비스","2020.10",146471,532341
"여행 및 교통서비스","2020.11",149213,535226
"여행 및 교통서비스","2020.12",90366,379276
"여행 및 교통서비스","2021.01",89120,407448
"여행 및 교통서비스","2021.02",117466,452203
"여행 및 교통서비스","2021.03",126601,485713
"여행 및 교통서비스","2021.04",161947,528860
"여행 및 교통서비스","2021.05",177072,594368
"여행 및 교통서비스","2021.06",178431,610876
"여행 및 교통서비스","2021.07",188267,600927
"여행 및 교통서비스","2021.08",188488,599501
"여행 및 교통서비스","2021.09",179342,580426
"여행 및 교통서비스","2021.10",204380,685194
"여행 및 교통서비스","2021.11",251920,729359
"여행 및 교통서비스","2021.12",223718,743506
"여행 및 교통서비스","2022.01",208205,725726
"여행 및 교통서비스","2022.02",186689,594503
"여행 및 교통서비스","2022.03",255814,665783
"여행 및 교통서비스","2022.04",395581,902337
"여행 및 교통서비스","2022.05",465903,1048319
"여행 및 교통서비스","2022.06",470423,1039451
"여행 및 교통서비스","2022.07",499276,1174411
"여행 및 교통서비스","2022.08",494988,1219004
"여행 및 교통서비스","2022.09",457514,1044876
"여행 및 교통서비스","2022.10",493918,1139389
"여행 및 교통서비스","2022.11",451186,1124410
"여행 및 교통서비스","2022.12",499580,1259188
"여행 및 교통서비스","2023.01",584015,1229959
"여행 및 교통서비스","2023.02",589263,1167555
"여행 및 교통서비스","2023.03",565990,1174473
"여행 및 교통서비스","2023.04",580460,1241974
"여행 및 교통서비스","2023.05",719385,1404482
"여행 및 교통서비스","2023.06",669668,1336536
"여행 및 교통서비스","2023.07",719912,1481189
"여행 및 교통서비스","2023.08",743532,1495796
"여행 및 교통서비스","2023.09",726377,1372980
"여행 및 교통서비스","2023.10",740015,1388873
"여행 및 교통서비스","2023.11",664179,1369969
"여행 및 교통서비스","2023.12",704069,1466681
"여행 및 교통서비스","2024.01",769509,1552361
"여행 및 교통서비스","2024.02",696352,1452625
"여행 및 교통서비스","2024.03",675336,1420960
"여행 및 교통서비스","2024.04",670869,1418021
"여행 및 교통서비스","2024.05",792951,1575924
"여행 및 교통서비스","2024.06",642477,1434229
"여행 및 교통서비스","2024.07",725634,1546343
"여행 및 교통서비스","2024.08",705579,1626290
"여행 및 교통서비스","2024.09",683744,1389305
"여행 및 교통서비스","2024.10",768819,1493506
"여행 및 교통서비스","2024.11 p)",688081,1417280
"여행 및 교통서비스","2024.12 p)",754717,1478405
"문화 및 레저서비스","2017.01",94242,70012
"문화 및 레저서비스","2017.02",72901,50991
"문화 및 레저서비스","2017.03",88936,49197
"문화 및 레저서비스","2017.04",66084,53515
"문화 및 레저서비스","2017.05",76776,57009
"문화 및 레저서비스","2017.06",86509,57802
"문화 및 레저서비스","2017.07",82271,69376
"문화 및 레저서비스","2017.08",101624,83259
"문화 및 레저서비스","2017.09",74496,52535
"문화 및 레저서비스","2017.10",97818,81688
"문화 및 레저서비스","2017.11",65460,79622
"문화 및 레저서비스","2017.12",71778,135272
"문화 및 레저서비스","2018.01",64022,118365
"문화 및 레저서비스","2018.02",61442,90396
"문화 및 레저서비스","2018.03",96087,75329
"문화 및 레저서비스","2018.04",67870,97095
"문화 및 레저서비스","2018.05",61998,91742
"문화 및 레저서비스","2018.06",74968,94653
"문화 및 레저서비스","2018.07",63614,100614
"문화 및 레저서비스","2018.08",75356,138171
"문화 및 레저서비스","2018.09",73836,109445
"문화 및 레저서비스","2018.10",61376,125104
"문화 및 레저서비스","2018.11",73373,113638
"문화 및 레저서비스","2018.12",69403,127346
"문화 및 레저서비스","2019.01",68836,98877
"문화 및 레저서비스","2019.02",69543,113392
"문화 및 레저서비스","2019.03",73468,102617
"문화 및 레저서비스","2019.04",94922,105113
"문화 및 레저서비스","2019.05",100869,103309
"문화 및 레저서비스","2019.06",110917,137409
"문화 및 레저서비스","2019.07",93469,122460
"문화 및 레저서비스","2019.08",96812,123257
"문화 및 레저서비스","2019.09",83251,83400
"문화 및 레저서비스","2019.10",115207,91494
"문화 및 레저서비스","2019.11",88214,118599
"문화 및 레저서비스","2019.12",68436,116169
"문화 및 레저서비스","2020.01",55095,101406
"문화 및 레저서비스","2020.02",23350,34409
"문화 및 레저서비스","2020.03",7023,14510
"문화 및 레저서비스","2020.04",11059,19691
"문화 및 레저서비스","2020.05",18708,34728
"문화 및 레저서비스","2020.06",15397,29968
"문화 및 레저서비스","2020.07",27067,51889
"문화 및 레저서비스","2020.08",16459,42418
"문화 및 레저서비스","2020.09",12061,28739
"문화 및 레저서비스","2020.10",29574,49254
"문화 및 레저서비스","2020.11",30474,38903
"문화 및 레저서비스","2020.12",3484,3959
"문화 및 레저서비스","2021.01",10302,18727
"문화 및 레저서비스","2021.02",25595,43253
"문화 및 레저서비스","2021.03",28824,49044
"문화 및 레저서비스","2021.04",28977,47084
"문화 및 레저서비스","2021.05",32716,57727
"문화 및 레저서비스","2021.06",43239,71117
"문화 및 레저서비스","2021.07",29270,51373
"문화 및 레저서비스","2021.08",31005,59352
"문화 및 레저서비스","2021.09",30655,58155
"문화 및 레저서비스","2021.10",52466,80569
"문화 및 레저서비스","2021.11",71001,102314
"문화 및 레저서비스","2021.12",48321,85616
"문화 및 레저서비스","2022.01",47342,76091
"문화 및 레저서비스","2022.02",35905,51164
"문화 및 레저서비스","2022.03",52496,60789
"문화 및 레저서비스","2022.04",68769,99217
"문화 및 레저서비스","2022.05",100741,151901
"문화 및 레저서비스","2022.06",129024,182553
"문화 및 레저서비스","2022.07",93104,172433
"문화 및 레저서비스","2022.08",88123,157755
"문화 및 레저서비스","2022.09",99529,115687
"문화 및 레저서비스","2022.10",102970,126635
"문화 및 레저서비스","2022.11",86217,116605
"문화 및 레저서비스","2022.12",85344,149743
"문화 및 레저서비스","2023.01",68022,131100
"문화 및 레저서비스","2023.02",72368,119465
"문화 및 레저서비스","2023.03",85868,119032
"문화 및 레저서비스","2023.04",94355,125224
"문화 및 레저서비스","2023.05",112671,149701
"문화 및 레저서비스","2023.06",154864,179180
"문화 및 레저서비스","2023.07",105407,168185
"문화 및 레저서비스","2023.08",125125,166672
"문화 및 레저서비스","2023.09",100934,121855
"문화 및 레저서비스","2023.10",120519,152225
"문화 및 레저서비스","2023.11",115104,142490
"문화 및 레저서비스","2023.12",92373,156355
"문화 및 레저서비스","2024.01",82961,124030
"문화 및 레저서비스","2024.02",93719,144046
"문화 및 레저서비스","2024.03",119214,137801
"문화 및 레저서비스","2024.04",118206,143161
"문화 및 레저서비스","2024.05",103534,140195
"문화 및 레저서비스","2024.06",156252,174140
"문화 및 레저서비스","2024.07",112907,160144
"문화 및 레저서비스","2024.08",123387,167644
"문화 및 레저서비스","2024.09",161938,167441
"문화 및 레저서비스","2024.10",112487,157190
"문화 및 레저서비스","2024.11 p)",100329,151059
"문화 및 레저서비스","2024.12 p)",82688,117604
"이쿠폰서비스","2017.01",14216,74432
"이쿠폰서비스","2017.02",11707,69089
"이쿠폰서비스","2017.03",12277,77872
"이쿠폰서비스","2017.04",12206,72727
"이쿠폰서비스","2017.05",14631,83982
"이쿠폰서비스","2017.06",16151,78868
"이쿠폰서비스","2017.07",15604,76023
"이쿠폰서비스","2017.08",17291,83577
"이쿠폰서비스","2017.09",17375,83024
"이쿠폰서비스","2017.10",16436,79602
"이쿠폰서비스","2017.11",20237,104091
"이쿠폰서비스","2017.12",27963,122247
"이쿠폰서비스","2018.01",20062,85532
"이쿠폰서비스","2018.02",20823,108408
"이쿠폰서비스","2018.03",23768,115826
"이쿠폰서비스","2018.04",21048,112090
"이쿠폰서비스","2018.05",31942,137108
"이쿠폰서비스","2018.06",34733,130958
"이쿠폰서비스","2018.07",32188,139718
"이쿠폰서비스","2018.08",27793,152998
"이쿠폰서비스","2018.09",35669,168207
"이쿠폰서비스","2018.10",34178,168555
"이쿠폰서비스","2018.11",39540,199645
"이쿠폰서비스","2018.12",40676,227077
"이쿠폰서비스","2019.01",35976,204146
"이쿠폰서비스","2019.02",26790,207319
"이쿠폰서비스","2019.03",34335,223209
"이쿠폰서비스","2019.04",29748,197050
"이쿠폰서비스","2019.05",35151,240829
"이쿠폰서비스","2019.06",33275,226581
"이쿠폰서비스","2019.07",35781,246695
"이쿠폰서비스","2019.08",53619,255559
"이쿠폰서비스","2019.09",34358,242452
"이쿠폰서비스","2019.10",35621,266750
"이쿠폰서비스","2019.11",45788,323632
"이쿠폰서비스","2019.12",40531,304831
"이쿠폰서비스","2020.01",36686,281833
"이쿠폰서비스","2020.02",36803,297849
"이쿠폰서비스","2020.03",50540,310469
"이쿠폰서비스","2020.04",41765,304803
"이쿠폰서비스","2020.05",46904,306363
"이쿠폰서비스","2020.06",43979,278728
"이쿠폰서비스","2020.07",54142,302087
"이쿠폰서비스","2020.08",47782,314354
"이쿠폰서비스","2020.09",52527,359792
"이쿠폰서비스","2020.10",52542,319384
"이쿠폰서비스","2020.11",55372,361986
"이쿠폰서비스","2020.12",54688,483801
"이쿠폰서비스","2021.01",55347,418651
"이쿠폰서비스","2021.02",51311,439535
"이쿠폰서비스","2021.03",63979,434759
"이쿠폰서비스","2021.04",48575,407104
"이쿠폰서비스","2021.05",54538,454885
"이쿠폰서비스","2021.06",59267,437167
"이쿠폰서비스","2021.07",57813,441532
"이쿠폰서비스","2021.08",54536,440147
"이쿠폰서비스","2021.09",50971,493702
"이쿠폰서비스","2021.10",44770,419604
"이쿠폰서비스","2021.11",47554,476000
"이쿠폰서비스","2021.12",65821,582129
"이쿠폰서비스","2022.01",78296,551865
"이쿠폰서비스","2022.02",73667,488378
"이쿠폰서비스","2022.03",83337,517998
"이쿠폰서비스","2022.04",78325,476818
"이쿠폰서비스","2022.05",84732,540297
"이쿠폰서비스","2022.06",68872,446720
"이쿠폰서비스","2022.07",82958,506317
"이쿠폰서비스","2022.08",100859,511967
"이쿠폰서비스","2022.09",117974,580803
"이쿠폰서비스","2022.10",112295,504926
"이쿠폰서비스","2022.11",126376,616850
"이쿠폰서비스","2022.12",142893,641890
"이쿠폰서비스","2023.01",134069,624263
"이쿠폰서비스","2023.02",156777,561656
"이쿠폰서비스","2023.03",169461,591396
"이쿠폰서비스","2023.04",179703,585189
"이쿠폰서비스","2023.05",182052,667821
"이쿠폰서비스","2023.06",168578,579491
"이쿠폰서비스","2023.07",157710,592197
"이쿠폰서비스","2023.08",202636,626352
"이쿠폰서비스","2023.09",269102,712718
"이쿠폰서비스","2023.10",243721,665777
"이쿠폰서비스","2023.11",232052,700440
"이쿠폰서비스","2023.12",244462,817276
"이쿠폰서비스","2024.01",243042,660865
"이쿠폰서비스","2024.02",257793,714703
"이쿠폰서비스","2024.03",241507,626270
"이쿠폰서비스","2024.04",260475,606971
"이쿠폰서비스","2024.05",261484,700496
"이쿠폰서비스","2024.06",243868,705911
"이쿠폰서비스","2024.07",79671,438033
"이쿠폰서비스","2024.08",32466,394347
"이쿠폰서비스","2024.09",41138,461523
"이쿠폰서비스","2024.10",50509,394516
"이쿠폰서비스","2024.11 p)",62334,462175
"이쿠폰서비스","2024.12 p)",69173,504346
"음식서비스","2017.01",32810,150546
"음식서비스","2017.02",28759,145165
"음식서비스","2017.03",30493,161602
"음식서비스","2017.04",30273,166271
"음식서비스","2017.05",31139,179426
"음식서비스","2017.06",25541,170090
"음식서비스","2017.07",27301,197324
"음식서비스","2017.08",34667,219093
"음식서비스","2017.09",30106,209012
"음식서비스","2017.10",32224,210551
"음식서비스","2017.11",34430,246210
"음식서비스","2017.12",40576,298964
"음식서비스","2018.01",37792,309665
"음식서비스","2018.02",35445,288800
"음식서비스","2018.03",35896,325867
"음식서비스","2018.04",47587,318369
"음식서비스","2018.05",33475,355920
"음식서비스","2018.06",38204,374849
"음식서비스","2018.07",41490,415437
"음식서비스","2018.08",43611,453319
"음식서비스","2018.09",40102,423648
"음식서비스","2018.10",41489,460967
"음식서비스","2018.11",42091,468405
"음식서비스","2018.12",52591,577758
"음식서비스","2019.01",53351,568558
"음식서비스","2019.02",48759,566204
"음식서비스","2019.03",54675,639833
"음식서비스","2019.04",49084,637236
"음식서비스","2019.05",49857,692525
"음식서비스","2019.06",52192,722286
"음식서비스","2019.07",55648,773268
"음식서비스","2019.08",59450,857555
"음식서비스","2019.09",55127,799765
"음식서비스","2019.10",59150,854572
"음식서비스","2019.11",61128,965853
"음식서비스","2019.12",67608,991679
"음식서비스","2020.01",66559,997060
"음식서비스","2020.02",69058,1066123
"음식서비스","2020.03",72457,1179839
"음식서비스","2020.04",77618,1185383
"음식서비스","2020.05",88284,1232526
"음식서비스","2020.06",68439,1185053
"음식서비스","2020.07",73213,1305571
"음식서비스","2020.08",84744,1592675
"음식서비스","2020.09",74261,1529963
"음식서비스","2020.10",68510,1478372
"음식서비스","2020.11",70275,1572953
"음식서비스","2020.12",87035,2111121
"음식서비스","2021.01",67562,1988503
"음식서비스","2021.02",60117,1792081
"음식서비스","2021.03",59810,1938450
"음식서비스","2021.04",53982,1955642
"음식서비스","2021.05",57461,2131344
"음식서비스","2021.06",51466,1968130
"음식서비스","2021.07",59661,2358398
"음식서비스","2021.08",58061,2397833
"음식서비스","2021.09",59192,2171862
"음식서비스","2021.10",55321,2252435
"음식서비스","2021.11",45502,2078946
"음식서비스","2021.12",54361,2443537
"음식서비스","2022.01",51266,2380060
"음식서비스","2022.02",49522,2232203
"음식서비스","2022.03",49492,2372920
"음식서비스","2022.04",43815,2091751
"음식서비스","2022.05",44575,2074283
"음식서비스","2022.06",39867,2073834
"음식서비스","2022.07",43126,2253979
"음식서비스","2022.08",42626,2232044
"음식서비스","2022.09",36595,1963891
"음식서비스","2022.10",37986,2099451
"음식서비스","2022.11",36591,2036813
"음식서비스","2022.12",40575,2258120
"음식서비스","2023.01",39031,2189819
"음식서비스","2023.02",34709,1991042
"음식서비스","2023.03",37127,2070561
"음식서비스","2023.04",37464,2064462
"음식서비스","2023.05",37326,2143926
"음식서비스","2023.06",35242,2095103
"음식서비스","2023.07",38437,2305345
"음식서비스","2023.08",37800,2331354
"음식서비스","2023.09",34191,2107896
"음식서비스","2023.10",36004,2153610
"음식서비스","2023.11",34532,2126642
"음식서비스","2023.12",38326,2381216
"음식서비스","2024.01",35195,2210858
"음식서비스","2024.02",33321,2118564
"음식서비스","2024.03",33851,2244521
"음식서비스","2024.04",30743,2177985
"음식서비스","2024.05",31338,2329752
"음식서비스","2024.06",31818,2364246
"음식서비스","2024.07",33890,2504581
"음식서비스","2024.08",35334,2685944
"음식서비스","2024.09",32065,2480672
"음식서비스","2024.10",32309,2501951
"음식서비스","2024.11 p)",30714,2456632
"음식서비스","2024.12 p)",34997,2808932
"기타서비스","2017.01",41810,23788
"기타서비스","2017.02",22608,18125
"기타서비스","2017.03",19826,16120
"기타서비스","2017.04",21513,31704
"기타서비스","2017.05",18357,25133
"기타서비스","2017.06",18198,22907
"기타서비스","2017.07",24316,27703
"기타서비스","2017.08",21923,30697
"기타서비스","2017.09",92102,32185
"기타서비스","2017.10",27007,25456
"기타서비스","2017.11",31121,25590
"기타서비스","2017.12",31087,25605
"기타서비스","2018.01",42361,30782
"기타서비스","2018.02",27138,30542
"기타서비스","2018.03",32485,29349
"기타서비스","2018.04",28747,33421
"기타서비스","2018.05",29079,29302
"기타서비스","2018.06",30702,28634
"기타서비스","2018.07",30437,31983
"기타서비스","2018.08",28968,33127
"기타서비스","2018.09",95345,37839
"기타서비스","2018.10",39959,35564
"기타서비스","2018.11",42304,32916
"기타서비스","2018.12",43518,34672
"기타서비스","2019.01",62056,35746
"기타서비스","2019.02",43859,34027
"기타서비스","2019.03",40724,38262
"기타서비스","2019.04",42662,36933
"기타서비스","2019.05",45501,44706
"기타서비스","2019.06",44161,43805
"기타서비스","2019.07",44998,51758
"기타서비스","2019.08",58226,70896
"기타서비스","2019.09",115446,59355
"기타서비스","2019.10",63323,57826
"기타서비스","2019.11",78458,56116
"기타서비스","2019.12",93809,86448
"기타서비스","2020.01",75099,93172
"기타서비스","2020.02",64288,93350
"기타서비스","2020.03",32133,43364
"기타서비스","2020.04",49637,75026
"기타서비스","2020.05",37734,61255
"기타서비스","2020.06",43133,61150
"기타서비스","2020.07",46303,68415
"기타서비스","2020.08",62924,101375
"기타서비스","2020.09",76210,66232
"기타서비스","2020.10",96795,64267
"기타서비스","2020.11",55002,79680
"기타서비스","2020.12",68685,75082
"기타서비스","2021.01",79824,99107
"기타서비스","2021.02",74512,107192
"기타서비스","2021.03",113918,156626
"기타서비스","2021.04",63613,87393
"기타서비스","2021.05",58345,105388
"기타서비스","2021.06",74630,119724
"기타서비스","2021.07",80773,126896
"기타서비스","2021.08",76718,126660
"기타서비스","2021.09",125469,99451
"기타서비스","2021.10",58273,83875
"기타서비스","2021.11",57437,79172
"기타서비스","2021.12",65805,85589
"기타서비스","2022.01",81181,87128
"기타서비스","2022.02",76792,102439
"기타서비스","2022.03",86749,115878
"기타서비스","2022.04",80340,113212
"기타서비스","2022.05",77519,118911
"기타서비스","2022.06",89966,117777
"기타서비스","2022.07",96900,125715
"기타서비스","2022.08",83021,117784
"기타서비스","2022.09",157004,107004
"기타서비스","2022.10",99534,103319
"기타서비스","2022.11",110849,126075
"기타서비스","2022.12",102496,95323
"기타서비스","2023.01",93449,93262
"기타서비스","2023.02",86936,94999
"기타서비스","2023.03",86920,98911
"기타서비스","2023.04",94086,115735
"기타서비스","2023.05",86425,110144
"기타서비스","2023.06",93250,102293
"기타서비스","2023.07",99799,110521
"기타서비스","2023.08",121017,122677
"기타서비스","2023.09",176846,92314
"기타서비스","2023.10",111532,104606
"기타서비스","2023.11",124265,116073
"기타서비스","2023.12",129500,109889
"기타서비스","2024.01",125896,128982
"기타서비스","2024.02",103288,120873
"기타서비스","2024.03",91002,105169
"기타서비스","2024.04",113181,123340
"기타서비스","2024.05",102682,135046
"기타서비스","2024.06",107251,126105
"기타서비스","2024.07",123454,109832
"기타서비스","2024.08",106570,132604
"기타서비스","2024.09",169302,132413
"기타서비스","2024.10",131294,144379
"기타서비스","2024.11 p)",171388,203496
"기타서비스","2024.12 p)",212747,194445
"기타","2017.01",86780,57713
"기타","2017.02",80170,61409
"기타","2017.03",97661,77987
"기타","2017.04",90639,72425
"기타","2017.05",92076,72441
"기타","2017.06",99948,80383
"기타","2017.07",93311,75734
"기타","2017.08",103067,76238
"기타","2017.09",104940,87334
"기타","2017.10",96251,75041
"기타","2017.11",105278,113788
"기타","2017.12",133830,139263
"기타","2018.01",110089,117870
"기타","2018.02",91943,132678
"기타","2018.03",129620,147626
"기타","2018.04",102789,118425
"기타","2018.05",105807,117098
"기타","2018.06",95910,104495
"기타","2018.07",95215,106564
"기타","2018.08",95804,106850
"기타","2018.09",103602,116839
"기타","2018.10",111266,129898
"기타","2018.11",142644,169252
"기타","2018.12",145458,168526
"기타","2019.01",115855,108084
"기타","2019.02",117022,104577
"기타","2019.03",205975,121766
"기타","2019.04",106440,89517
"기타","2019.05",97398,98440
"기타","2019.06",74843,86824
"기타","2019.07",84678,97630
"기타","2019.08",107102,96433
"기타","2019.09",80243,112710
"기타","2019.10",97450,108815
"기타","2019.11",97884,109016
"기타","2019.12",100009,113636
"기타","2020.01",143693,213148
"기타","2020.02",115865,207325
"기타","2020.03",130698,193996
"기타","2020.04",105643,152835
"기타","2020.05",127079,218155
"기타","2020.06",123498,186963
"기타","2020.07",124934,206960
"기타","2020.08",124467,259648
"기타","2020.09",117424,219809
"기타","2020.10",128928,187170
"기타","2020.11",138622,212611
"기타","2020.12",149869,216693
"기타","2021.01",104395,186190
"기타","2021.02",113062,172094
"기타","2021.03",146572,227810
"기타","2021.04",107097,193630
"기타","2021.05",105681,206864
"기타","2021.06",112787,161439
"기타","2021.07",115173,168530
"기타","2021.08",99717,162871
"기타","2021.09",93084,168609
"기타","2021.10",99223,177575
"기타","2021.11",100528,180459
"기타","2021.12",118920,211181
"기타","2022.01",82200,197502
"기타","2022.02",79891,209689
"기타","2022.03",88502,215750
"기타","2022.04",86962,207195
"기타","2022.05",83007,205939
"기타","2022.06",77836,196832
"기타","2022.07",86644,211906
"기타","2022.08",84085,213955
"기타","2022.09",77614,201742
"기타","2022.10",90865,189679
"기타","2022.11",93419,196872
"기타","2022.12",102391,218876
"기타","2023.01",77363,188130
"기타","2023.02",74831,142849
"기타","2023.03",86780,165780
"기타","2023.04",85872,168332
"기타","2023.05",80019,161719
"기타","2023.06",82435,142982
"기타","2023.07",90249,134481
"기타","2023.08",85016,135357
"기타","2023.09",79158,126112
"기타","2023.10",81645,140495
"기타","2023.11",88620,169882
"기타","2023.12",91467,158231
"기타","2024.01",79438,134763
"기타","2024.02",71466,122551
"기타","2024.03",76329,132772
"기타","2024.04",78099,129018
"기타","2024.05",71448,134369
"기타","2024.06",63577,115554
"기타","2024.07",71215,115314
"기타","2024.08",61304,120200
"기타","2024.09",63863,126583
"기타","2024.10",68403,128216
"기타","2024.11 p)",73246,135527
"기타","2024.12 p)",75613,144134
